Sentence #,Word,POS,Tag
Sentence: 1,醫師,_,O
,：,_,O
,啊,_,O
,回去,_,O
,還好,_,O
,嗎,_,O
,？,_,O
,民眾,_,O
,：,_,O
,欸,_,O
,，,_,O
,還是,_,O
,虛虛,_,O
,的,_,O
,，,_,O
,但,_,O
,。,_,O
Sentence: 2,醫師,_,O
,：,_,O
,欸,_,O
,，,_,O
,真的,_,O
,。,_,O
Sentence: 3,民眾,_,O
,：,_,O
,好險,_,O
,好險,_,O
,。,_,O
Sentence: 4,坦白,_,O
,講,_,O
,我,_,O
,剛,_,O
,回去,_,O
,的,_,O
,時候,_,O
,晚上,_,O
,還是,_,O
,有,_,O
,盜汗,_,O
,。,_,O
Sentence: 5,醫師,_,O
,：,_,O
,盜汗,_,O
,。,_,O
Sentence: 6,民眾,_,O
,：,_,O
,阿,_,O
,只是,_,O
,前天,_,B-tim
,好,_,O
,很多,_,O
,。,_,O
Sentence: 7,前天,_,B-tim
,就算,_,O
,沒,_,O
,盜,_,O
,，,_,O
,可是,_,O
,一,_,O
,覺到,_,O
,天明,_,O
,這樣,_,O
,。,_,O
Sentence: 8,醫師,_,O
,：,_,O
,一,_,O
,覺到,_,O
,天明齁,_,O
,。,_,O
Sentence: 9,我,_,O
,給,_,O
,你,_,O
,看,_,O
,電腦,_,O
,斷層齁,_,O
,。,_,O
Sentence: 10,民眾,_,O
,：,_,O
,嘿,_,O
,。,_,O
Sentence: 11,還,_,O
,有,_,O
,那,_,O
,個,_,O
,病毒,_,O
,報告,_,O
,不,_,O
,知道,_,O
,出來,_,O
,沒,_,O
,。,_,O
Sentence: 12,醫師,_,O
,：,_,O
,病毒,_,O
,齁,_,O
,。,_,O
Sentence: 13,民眾,_,O
,：,_,O
,對,_,O
,對,_,O
,對,_,O
,。,_,O
Sentence: 14,醫師,_,O
,：,_,O
,它,_,O
,有,_,O
,幫,_,O
,你,_,O
,驗,_,O
,了,_,O
,不少,_,O
,，,_,O
,還,_,O
,有,_,O
,自體,_,O
,免疫,_,O
,呢,_,O
,。,_,O
Sentence: 15,民眾,_,O
,：,_,O
,喔,_,O
,。,_,O
Sentence: 16,醫師,_,O
,：,_,O
,我,_,O
,相信,_,O
,你,_,O
,之前,_,O
,都,_,O
,驗,_,O
,過,_,O
,。,_,O
Sentence: 17,民眾,_,O
,：,_,O
,對,_,O
,阿。,_,O
,醫師,_,O
,：,_,O
,哇,_,O
,，,_,O
,不過,_,O
,你,_,O
,工作,_,O
,壓力,_,O
,很,_,O
,大,_,O
,欸,_,O
,，,_,O
,得,_,O
,潰瘍,_,O
,。,_,O
Sentence: 18,民眾,_,O
,：,_,O
,欸,_,O
,，,_,O
,真的,_,O
,阿。,_,O
,醫師,_,O
,：,_,O
,自體,_,O
,免疫,_,O
,，,_,O
,還好,_,O
,。,_,O
Sentence: 19,民眾,_,O
,：,_,O
,negative,_,O
,。,_,O
Sentence: 20,醫師,_,O
,：,_,O
,negative,_,O
,，,_,O
,阿這,_,O
,個,_,O
,是,_,O
,？,_,O
,民眾,_,O
,：,_,O
,皰疹,_,O
,。,_,O
Sentence: 21,醫師,_,O
,：,_,O
,皰疹,_,O
,病毒,_,O
,的,_,O
,抗體,_,O
,也,_,O
,是,_,O
,negative,_,O
,。,_,O
Sentence: 22,民眾,_,O
,：,_,O
,嗯,_,O
,嗯,_,O
,嗯,_,O
,。,_,O
Sentence: 23,醫師,_,O
,：,_,O
,啊,_,O
,Q,_,O
,熱陰性,_,O
,，,_,O
,然後,_,O
,第一,_,O
,次,_,O
,檢查,_,O
,綜合,_,O
,結果,_,O
,也,_,O
,是,_,O
,陰性,_,O
,。,_,O
Sentence: 24,民眾,_,O
,：,_,O
,所謂,_,O
,Q熱,_,O
,就,_,O
,是,_,O
,那,_,O
,種,_,O
,蚊蟲,_,O
,叮咬,_,O
,的,_,O
,。,_,O
Sentence: 25,醫師,_,O
,：,_,O
,嘿,_,O
,，,_,O
,跟,_,O
,動物,_,O
,阿,_,O
,、,_,O
,跳蚤,_,O
,那些,_,O
,比較,_,O
,有,_,O
,相關,_,O
,。,_,O
Sentence: 26,民眾,_,O
,：,_,O
,了,_,O
,解,_,O
,。,_,O
Sentence: 27,醫師,_,O
,：,_,O
,然後,_,O
,恙蟲病,_,O
,，,_,O
,需,_,O
,再,_,O
,採檢,_,O
,。,_,O
Sentence: 28,沒關係,_,O
,我們,_,O
,到時候,_,O
,要,_,O
,追蹤,_,O
,再,_,O
,一起,_,O
,送,_,O
,疾管區,_,O
,。,_,O
Sentence: 29,民眾,_,O
,：,_,O
,可以,_,O
,啊,_,O
,，,_,O
,可以,_,O
,啊,_,O
,。,_,O
Sentence: 30,醫師,_,O
,：,_,O
,恙蟲病,_,O
,我,_,O
,覺得,_,O
,機會,_,O
,少,_,O
,。,_,O
Sentence: 31,民眾,_,O
,：,_,O
,對,_,O
,。,_,O
Sentence: 32,醫師,_,O
,：,_,O
,因為,_,O
,恙蟲病,_,O
,要,_,O
,有,_,O
,恙蟲,_,O
,。,_,O
Sentence: 33,民眾,_,O
,：,_,O
,對,_,O
,阿。,_,O
,醫師,_,O
,：,_,O
,恙蟲,_,O
,是,_,O
,在,_,O
,離島,_,O
,比較,_,O
,多,_,O
,，,_,O
,山區,_,O
,。,_,O
Sentence: 34,民眾,_,O
,：,_,O
,喔,_,O
,，,_,O
,了,_,O
,解,_,O
,了,_,O
,解,_,O
,。,_,O
Sentence: 35,醫師,_,O
,：,_,O
,然後,_,O
,，,_,O
,斑疹,_,O
,傷寒,_,O
,就,_,O
,是,_,O
,跟,_,O
,跳蚤,_,O
,比較,_,O
,有,_,O
,關係,_,O
,，,_,O
,外病,_,O
,啦,_,O
,。,_,O
Sentence: 36,民眾,_,O
,：,_,O
,嗯,_,O
,，,_,O
,對,_,O
,對,_,O
,對,_,O
,。,_,O
Sentence: 37,醫師,_,O
,：,_,O
,比較,_,O
,少見,_,O
,的,_,O
,。,_,O
Sentence: 38,民眾,_,O
,：,_,O
,了,_,O
,解,_,O
,了,_,O
,解,_,O
,。,_,O
Sentence: 39,醫師,_,O
,：,_,O
,然後,_,O
,EBV,_,O
,，,_,O
,喔,_,O
,，,_,O
,還,_,O
,有,_,O
,CMV,_,O
,病毒,_,O
,也,_,O
,都,_,O
,OK,_,O
,。,_,O
Sentence: 40,民眾,_,O
,：,_,O
,這,_,O
,是,_,O
,什麼,_,O
,東西,_,O
,啊,_,O
,。,_,O
Sentence: 41,醫師,_,O
,：,_,O
,就是,_,O
,，,_,O
,病毒,_,O
,會,_,O
,引起,_,O
,你,_,O
,肝,_,O
,功能,_,O
,異常,_,O
,的,_,O
,。,_,O
Sentence: 42,EBV,_,O
,還,_,O
,有,_,O
,CMV,_,O
,，,_,O
,巨,_,O
,細胞,_,O
,病毒,_,O
,。,_,O
Sentence: 43,民眾,_,O
,：,_,O
,嗯,_,O
,。,_,O
Sentence: 44,醫師,_,O
,：,_,O
,這,_,O
,是,_,O
,良性,_,O
,的,_,O
,。,_,O
Sentence: 45,民眾,_,O
,：,_,O
,喔,_,O
,，,_,O
,這,_,O
,是,_,O
,良性,_,O
,的,_,O
,。,_,O
Sentence: 46,醫師,_,O
,：,_,O
,嘿,_,O
,，,_,O
,這,_,O
,都,_,O
,是,_,O
,良性,_,O
,的,_,O
,，,_,O
,自己,_,O
,會,_,O
,好,_,O
,。,_,O
Sentence: 47,阿但,_,O
,是,_,O
,會,_,O
,讓,_,O
,你,_,O
,發燒,_,O
,。,_,O
Sentence: 48,民眾,_,O
,：,_,O
,嗯,_,O
,。,_,O
Sentence: 49,醫師,_,O
,：,_,O
,一陣子,_,O
,這樣子,_,O
,，,_,O
,嗯,_,O
,。,_,O
Sentence: 50,民眾,_,O
,：,_,O
,阿這,_,O
,也,_,O
,是,_,O
,都,_,O
,沒有,_,O
,？,_,O
,醫師,_,O
,：,_,O
,都,_,O
,沒有,_,O
,的,_,O
,樣子,_,O
,。,_,O
Sentence: 51,我們,_,O
,還,_,O
,驗,_,O
,了,_,O
,些,_,O
,什麼,_,O
,，,_,O
,直接,_,O
,調出來,_,O
,看,_,O
,。,_,O
Sentence: 52,民眾,_,O
,：,_,O
,嗯,_,O
,。,_,O
Sentence: 53,醫師,_,O
,：,_,O
,阿不過,_,O
,你,_,O
,來,_,O
,的,_,O
,時候,_,O
,發炎,_,O
,指數,_,O
,比較,_,O
,高,_,O
,。,_,O
Sentence: 54,發炎,_,O
,指數,_,O
,比較,_,O
,高,_,O
,，,_,O
,CRP,_,O
,。,_,O
Sentence: 55,然後,_,O
,肝,_,O
,功能,_,O
,比較,_,O
,異常,_,O
,，,_,O
,85,_,B-med
,，,_,O
,102,_,B-med
,。,_,O
Sentence: 56,民眾,_,O
,：,_,O
,這,_,O
,個,_,O
,可能,_,O
,是,_,O
,沒,_,O
,睡好,_,O
,。,_,O
Sentence: 57,醫師,_,O
,：,_,O
,也,_,O
,有,_,O
,可能,_,O
,。,_,O
Sentence: 58,你,_,O
,有沒有,_,O
,喝,_,O
,酒,_,O
,應酬,_,O
,？,_,O
,民眾,_,O
,：,_,O
,喝,_,O
,酒,_,O
,，,_,O
,其實,_,O
,一陣子,_,O
,沒有,_,O
,了,_,O
,欸,_,O
,。,_,O
Sentence: 59,醫師,_,O
,：,_,O
,一陣子,_,O
,沒有,_,O
,。,_,O
Sentence: 60,民眾,_,O
,：,_,O
,對,_,O
,。,_,O
Sentence: 61,你,_,O
,說,_,O
,假如,_,O
,是,_,O
,前年,_,B-tim
,，,_,O
,那,_,O
,有,_,O
,可能,_,O
,，,_,O
,但是,_,O
,去年,_,B-tim
,可能,_,O
,。,_,O
Sentence: 62,醫師,_,O
,：,_,O
,就,_,O
,沒有,_,O
,。,_,O
Sentence: 63,民眾,_,O
,：,_,O
,對,_,O
,阿。,_,O
,因為,_,O
,老實,_,O
,講,_,O
,，,_,O
,我,_,O
,前年,_,B-tim
,都,_,O
,在,_,O
,對岸,_,O
,比較,_,O
,多,_,O
,。,_,O
Sentence: 64,醫師,_,O
,：,_,O
,喔,_,O
,，,_,O
,前年,_,B-tim
,。,_,O
Sentence: 65,民眾,_,O
,：,_,O
,對,_,O
,。,_,O
Sentence: 66,醫師,_,O
,：,_,O
,它,_,O
,，,_,O
,Google,_,B-pro
,有,_,O
,設廠,_,O
,喔,_,O
,？,_,O
,民眾,_,O
,：,_,O
,欸,_,O
,，,_,O
,客戶,_,O
,在,_,O
,那邊,_,O
,。,_,O
Sentence: 67,醫師,_,O
,：,_,O
,客戶,_,O
,在,_,O
,那邊,_,O
,。,_,O
Sentence: 68,民眾,_,O
,：,_,O
,對,_,O
,對,_,O
,，,_,O
,阿也,_,O
,有,_,O
,設廠,_,O
,，,_,O
,也,_,O
,有,_,O
,設廠,_,O
,。,_,O
Sentence: 69,醫師,_,O
,：,_,O
,你,_,O
,是,_,O
,做,_,O
,，,_,O
,跑,_,O
,業務,_,O
,這樣子,_,O
,。,_,O
Sentence: 70,民眾,_,O
,：,_,O
,對,_,O
,對,_,O
,對,_,O
,。,_,O
Sentence: 71,醫師,_,O
,：,_,O
,Google,_,B-pro
,不,_,O
,是,_,O
,，,_,O
,那,_,O
,做,_,O
,什麼,_,O
,，,_,O
,ABS,_,O
,？,_,O
,民眾,_,O
,：ABS,_,O
,。,_,O
Sentence: 72,ABS,_,O
,阿,_,O
,，,_,O
,跟,_,O
,那,_,O
,個,_,O
,壓克力,_,O
,。,_,O
Sentence: 73,醫師,_,O
,：,_,O
,壓克力,_,O
,這樣子,_,O
,。,_,O
Sentence: 74,所以,_,O
,我,_,O
,，,_,O
,我們,_,O
,，,_,O
,我們,_,O
,有時候,_,O
,會,_,O
,這樣,_,O
,啦,_,O
,，,_,O
,就是,_,O
,有,_,O
,些,_,O
,人,_,O
,確實,_,O
,會,_,O
,有,_,O
,一些,_,O
,，,_,O
,給,_,O
,你,_,O
,看,_,O
,。,_,O
Sentence: 75,民眾,_,O
,：,_,O
,是,_,O
,。,_,O
Sentence: 76,醫師,_,O
,：,_,O
,就是,_,O
,這,_,O
,次,_,O
,照起來,_,O
,的話,_,O
,就,_,O
,是,_,O
,。,_,O
Sentence: 77,這,_,O
,是,_,O
,，,_,O
,你,_,O
,三月,_,B-tim
,十八,_,I-tim
,住院,_,O
,的,_,O
,時候,_,O
,。,_,O
Sentence: 78,民眾,_,O
,：,_,O
,嗯,_,O
,嗯,_,O
,嗯,_,O
,，,_,O
,有,_,O
,。,_,O
Sentence: 79,醫師,_,O
,：,_,O
,然後,_,O
,就,_,O
,是,_,O
,腸子,_,O
,這邊,_,O
,齁,_,O
,，,_,O
,有點,_,O
,發炎,_,O
,。,_,O
Sentence: 80,腸子,_,O
,，,_,O
,腸壁,_,O
,比較,_,O
,厚,_,O
,一點,_,O
,。,_,O
Sentence: 81,民眾,_,O
,：,_,O
,喔,_,O
,。,_,O
Sentence: 82,醫師,_,O
,：,_,O
,就是,_,O
,這邊,_,O
,，,_,O
,你,_,O
,看,_,O
,厚厚,_,O
,的,_,O
,。,_,O
Sentence: 83,正常,_,O
,應該,_,O
,像,_,O
,蛋殼,_,O
,一樣,_,O
,，,_,O
,但,_,O
,這,_,O
,個,_,O
,地方,_,O
,呢,_,O
,，,_,O
,就,_,O
,比較,_,O
,厚,_,O
,一點,_,O
,。,_,O
Sentence: 84,民眾,_,O
,：,_,O
,嗯,_,O
,，,_,O
,了,_,O
,解,_,O
,。,_,O
Sentence: 85,醫師,_,O
,：,_,O
,就,_,O
,比較,_,O
,厚,_,O
,一點,_,O
,。,_,O
Sentence: 86,民眾,_,O
,：,_,O
,那,_,O
,厚,_,O
,很多,_,O
,欸,_,O
,。,_,O
Sentence: 87,醫師,_,O
,：,_,O
,對,_,O
,，,_,O
,厚,_,O
,很多,_,O
,。,_,O
Sentence: 88,民眾,_,O
,：,_,O
,喔,_,O
,。,_,O
Sentence: 89,醫師,_,O
,：,_,O
,就,_,O
,是,_,O
,，,_,O
,所以,_,O
,，,_,O
,內視鏡,_,O
,有,_,O
,幫,_,O
,你,_,O
,做,_,O
,切片,_,O
,。,_,O
Sentence: 90,民眾,_,O
,：,_,O
,對,_,O
,，,_,O
,對,_,O
,，,_,O
,對,_,O
,。,_,O
Sentence: 91,醫師,_,O
,：,_,O
,所以,_,O
,是,_,O
,發炎,_,O
,啦,_,O
,。,_,O
Sentence: 92,民眾,_,O
,：,_,O
,是,_,O
,發炎,_,O
,。,_,O
Sentence: 93,醫師,_,O
,：,_,O
,也許,_,O
,是,_,O
,，,_,O
,這,_,O
,次,_,O
,是,_,O
,剛好,_,O
,發炎,_,O
,，,_,O
,這邊,_,O
,感染,_,O
,，,_,O
,讓,_,O
,你,_,O
,有,_,O
,發燒,_,O
,這樣子,_,O
,。,_,O
Sentence: 94,民眾,_,O
,：,_,O
,嗯,_,O
,。,_,O
Sentence: 95,我,_,O
,覺得,_,O
,一,_,O
,開始,_,O
,應該,_,O
,是,_,O
,這樣,_,O
,。,_,O
Sentence: 96,醫師,_,O
,：,_,O
,應該,_,O
,是,_,O
,這樣,_,O
,。,_,O
Sentence: 97,民眾,_,O
,：,_,O
,對,_,O
,阿。,_,O
,醫師,_,O
,：,_,O
,然後,_,O
,另外,_,O
,就是說,_,O
,，,_,O
,你,_,O
,看,_,O
,這邊,_,O
,。,_,O
Sentence: 98,這,_,O
,是,_,O
,主動脈,_,O
,嘛,_,O
,。,_,O
Sentence: 99,民眾,_,O
,：,_,O
,對,_,O
,。,_,O
Sentence: 100,醫師,_,O
,：,_,O
,這,_,O
,條,_,O
,是,_,O
,大主動脈,_,O
,。,_,O
Sentence: 101,民眾,_,O
,：,_,O
,嗯,_,O
,。,_,O
Sentence: 102,醫師,_,O
,：,_,O
,阿旁邊,_,O
,你,_,O
,可以,_,O
,看到,_,O
,，,_,O
,有,_,O
,一,_,O
,顆,_,O
,一,_,O
,顆,_,O
,的,_,O
,有沒有,_,O
,。,_,O
Sentence: 103,民眾,_,O
,：,_,O
,那,_,O
,個,_,O
,是,_,O
,淋巴結,_,O
,嗎,_,O
,？,_,O
,醫師,_,O
,：,_,O
,那,_,O
,是,_,O
,淋巴結,_,O
,。,_,O
Sentence: 104,民眾,_,O
,：,_,O
,喔,_,O
,。,_,O
Sentence: 105,醫師,_,O
,：,_,O
,對,_,O
,。,_,O
Sentence: 106,民眾,_,O
,：,_,O
,怎麼,_,O
,那麼,_,O
,腫,_,O
,。,_,O
Sentence: 107,醫師,_,O
,：,_,O
,嘿,_,O
,。,_,O
Sentence: 108,民眾,_,O
,：,_,O
,理論,_,O
,上,_,O
,不,_,O
,應,_,O
,那麼,_,O
,大,_,O
,對,_,O
,不,_,O
,對,_,O
,。,_,O
Sentence: 109,醫師,_,O
,：,_,O
,對,_,O
,，,_,O
,理論,_,O
,上,_,O
,不應該,_,O
,這麼多,_,O
,。,_,O
Sentence: 110,但是,_,O
,，,_,O
,淋巴結,_,O
,是,_,O
,我們,_,O
,，,_,O
,就,_,O
,等於,_,O
,是,_,O
,檢查哨,_,O
,的,_,O
,意思,_,O
,。,_,O
Sentence: 111,民眾,_,O
,：,_,O
,喔,_,O
,，,_,O
,哨站,_,O
,。,_,O
Sentence: 112,醫師,_,O
,：,_,O
,哨站,_,O
,，,_,O
,對,_,O
,對,_,O
,對,_,O
,。,_,O
Sentence: 113,也就是說,_,O
,，,_,O
,這,_,O
,個,_,O
,你,_,O
,局部,_,O
,這,_,O
,個,_,O
,地方,_,O
,，,_,O
,有,_,O
,發炎,_,O
,，,_,O
,有,_,O
,細菌,_,O
,或,_,O
,病毒,_,O
,。,_,O
Sentence: 114,民眾,_,O
,：,_,O
,對,_,O
,對,_,O
,對,_,O
,。,_,O
Sentence: 115,醫師,_,O
,：,_,O
,阿周,_,O
,遭,_,O
,的,_,O
,檢查哨,_,O
,就,_,O
,會,_,O
,。,_,O
Sentence: 116,民眾,_,O
,：,_,O
,阿浪,_,O
,這樣子,_,O
,。,_,O
Sentence: 117,醫師,_,O
,：,_,O
,就,_,O
,會,_,O
,阿浪,_,O
,，,_,O
,就,_,O
,是,_,O
,，,_,O
,淋巴結,_,O
,是,_,O
,誰,_,O
,在,_,O
,裡面,_,O
,，,_,O
,就,_,O
,是,_,O
,兵,_,O
,嘛,_,O
,。,_,O
Sentence: 118,就,_,O
,是,_,O
,阿兵哥,_,O
,就,_,O
,是,_,O
,淋巴球,_,O
,，,_,O
,就,_,O
,會,_,O
,過來,_,O
,這樣子,_,O
,。,_,O
Sentence: 119,民眾,_,O
,：,_,O
,欸,_,O
,可是,_,O
,我,_,O
,一直,_,O
,很,_,O
,好奇,_,O
,，,_,O
,為什麼,_,O
,我,_,O
,的,_,O
,白血球,_,O
,是,_,O
,正常,_,O
,的,_,O
,阿？,_,O
,醫師,_,O
,：,_,O
,白血球,_,O
,嗎,_,O
,？,_,O
,民眾,_,O
,：,_,O
,對,_,O
,阿。,_,O
,好像,_,O
,沒有,_,O
,增加,_,O
,不,_,O
,是,_,O
,嗎,_,O
,？,_,O
,醫師,_,O
,：,_,O
,對,_,O
,，,_,O
,沒有,_,O
,增加,_,O
,特別,_,O
,多,_,O
,。,_,O
Sentence: 120,民眾,_,O
,：,_,O
,喔,_,O
,，,_,O
,有,_,O
,增加,_,O
,但是,_,O
,沒,_,O
,加到,_,O
,那麼多,_,O
,是,_,O
,不,_,O
,是,_,O
,？,_,O
,醫師,_,O
,：,_,O
,應該,_,O
,是,_,O
,說,_,O
,。,_,O
Sentence: 121,民眾,_,O
,：,_,O
,這樣,_,O
,還,_,O
,蠻,_,O
,奇怪,_,O
,的,_,O
,對,_,O
,不,_,O
,對,_,O
,，,_,O
,理論,_,O
,上,_,O
,有,_,O
,發炎,_,O
,，,_,O
,理論,_,O
,上,_,O
,應該,_,O
,要,_,O
,。,_,O
Sentence: 122,醫師,_,O
,：,_,O
,這,_,O
,比較,_,O
,像是,_,O
,病毒,_,O
,的,_,O
,比較,_,O
,會,_,O
,這樣,_,O
,。,_,O
Sentence: 123,民眾,_,O
,：,_,O
,真,_,O
,的,_,O
,嗎,_,O
,？,_,O
,醫師,_,O
,：,_,O
,病毒,_,O
,的,_,O
,一些,_,O
,感染,_,O
,，,_,O
,這樣子,_,O
,。,_,O
Sentence: 124,細菌,_,O
,的話,_,O
,通常,_,O
,都,_,O
,會,_,O
,衝高,_,O
,。,_,O
Sentence: 125,民眾,_,O
,：,_,O
,嗯,_,O
,。,_,O
Sentence: 126,醫師,_,O
,：,_,O
,嘿,_,O
,，,_,O
,通常,_,O
,都,_,O
,會,_,O
,衝高,_,O
,。,_,O
Sentence: 127,阿你,_,O
,的,_,O
,白血球,_,O
,不,_,O
,是,_,O
,很,_,O
,高,_,O
,。,_,O
Sentence: 128,阿不過,_,O
,我,_,O
,必須,_,O
,，,_,O
,這,_,O
,個,_,O
,，,_,O
,要,_,O
,，,_,O
,因為,_,O
,你人,_,O
,相對,_,O
,是,_,O
,還好,_,O
,。,_,O
Sentence: 129,因為,_,O
,淋巴結齁,_,O
,，,_,O
,放射科,_,O
,醫師,_,O
,他,_,O
,覺得,_,O
,這,_,O
,個,_,O
,是,_,O
,，,_,O
,發炎,_,O
,之後,_,O
,引起,_,O
,的,_,O
,淋巴結,_,O
,腫大,_,O
,。,_,O
Sentence: 130,民眾,_,O
,：,_,O
,嗯,_,O
,。,_,O
Sentence: 131,醫師,_,O
,：,_,O
,這,_,O
,種,_,O
,是,_,O
,良性,_,O
,的,_,O
,。,_,O
Sentence: 132,民眾,_,O
,：,_,O
,喔喔,_,O
,喔,_,O
,。,_,O
Sentence: 133,醫師,_,O
,：,_,O
,所以,_,O
,就,_,O
,是,_,O
,叫做,_,O
,反應性,_,O
,，,_,O
,reactive,_,O
,。,_,O
Sentence: 134,民眾,_,O
,：,_,O
,嗯,_,O
,嗯,_,O
,嗯,_,O
,。,_,O
Sentence: 135,醫師,_,O
,：,_,O
,阿你,_,O
,發炎,_,O
,好,_,O
,了,_,O
,之後,_,O
,它,_,O
,自然,_,O
,就,_,O
,會,_,O
,消下去,_,O
,。,_,O
Sentence: 136,民眾,_,O
,：,_,O
,一定,_,O
,會,_,O
,消下來,_,O
,。,_,O
Sentence: 137,醫師,_,O
,：,_,O
,它,_,O
,就,_,O
,，,_,O
,退,_,O
,了,_,O
,嘛,_,O
,。,_,O
Sentence: 138,民眾,_,O
,：,_,O
,對,_,O
,對,_,O
,對,_,O
,。,_,O
Sentence: 139,醫師,_,O
,：,_,O
,阿假如,_,O
,是,_,O
,惡性,_,O
,的話,_,O
,呢,_,O
,？,_,O
,它,_,O
,就,_,O
,會,_,O
,。,_,O
Sentence: 140,民眾,_,O
,：,_,O
,一直,_,O
,持續,_,O
,。,_,O
Sentence: 141,醫師,_,O
,：,_,O
,一直,_,O
,持續,_,O
,，,_,O
,甚至,_,O
,會,_,O
,變大,_,O
,這樣子,_,O
,。,_,O
Sentence: 142,民眾,_,O
,：,_,O
,嗯,_,O
,嗯,_,O
,嗯,_,O
,。,_,O
Sentence: 143,醫師,_,O
,：,_,O
,那,_,O
,時候,_,O
,就,_,O
,要,_,O
,做,_,O
,切片,_,O
,這樣子,_,O
,。,_,O
Sentence: 144,民眾,_,O
,：,_,O
,了,_,O
,解,_,O
,。,_,O
Sentence: 145,醫師,_,O
,：,_,O
,阿但,_,O
,是,_,O
,，,_,O
,這,_,O
,個,_,O
,，,_,O
,通常,_,O
,假如,_,O
,是,_,O
,惡性,_,O
,的話,_,O
,一定,_,O
,很,_,O
,大,_,O
,。,_,O
Sentence: 146,民眾,_,O
,：,_,O
,嗯,_,O
,。,_,O
Sentence: 147,醫師,_,O
,：,_,O
,而且,_,O
,它,_,O
,規則,_,O
,就,_,O
,是,_,O
,會,_,O
,。,_,O
Sentence: 148,民眾,_,O
,：,_,O
,會,_,O
,比,_,O
,這,_,O
,個,_,O
,還,_,O
,大,_,O
,。,_,O
Sentence: 149,醫師,_,O
,：,_,O
,會,_,O
,比較,_,O
,大,_,O
,，,_,O
,而且,_,O
,不會,_,O
,像,_,O
,圓滾滾,_,O
,的,_,O
,這樣,_,O
,。,_,O
Sentence: 150,民眾,_,O
,：,_,O
,嗯,_,O
,嗯,_,O
,嗯,_,O
,。,_,O
Sentence: 151,醫師,_,O
,：,_,O
,你,_,O
,可以,_,O
,看到,_,O
,像,_,O
,這,_,O
,圓圓,_,O
,的,_,O
,，,_,O
,阿假如,_,O
,是,_,O
,惡性,_,O
,的,_,O
,就,_,O
,長,_,O
,得,_,O
,很,_,O
,不,_,O
,規則,_,O
,。,_,O
Sentence: 152,民眾,_,O
,：,_,O
,比較,_,O
,怪異,_,O
,。,_,O
Sentence: 153,醫師,_,O
,：,_,O
,比較,_,O
,怪異,_,O
,這樣,_,O
,。,_,O
Sentence: 154,阿當然,_,O
,最,_,O
,準,_,O
,的話,_,O
,是,_,O
,要,_,O
,做,_,O
,切片,_,O
,啦,_,O
,，,_,O
,但是,_,O
,這麼,_,O
,深,_,O
,你,_,O
,怎麼,_,O
,切,_,O
,。,_,O
Sentence: 155,民眾,_,O
,：,_,O
,這,_,O
,個,_,O
,不,_,O
,要,_,O
,。,_,O
Sentence: 156,醫師,_,O
,：,_,O
,不要,_,O
,啦,_,O
,，,_,O
,不要,_,O
,。,_,O
Sentence: 157,民眾,_,O
,：,_,O
,不要,_,O
,開膛,_,O
,剖肚,_,O
,，,_,O
,算了,_,O
,算了,_,O
,。,_,O
Sentence: 158,醫師,_,O
,：,_,O
,不要,_,O
,不要,_,O
,。,_,O
Sentence: 159,我,_,O
,想,_,O
,我們,_,O
,計劃,_,O
,就,_,O
,看,_,O
,，,_,O
,假如,_,O
,你,_,O
,都,_,O
,沒,_,O
,發燒,_,O
,，,_,O
,肝,_,O
,功能,_,O
,降下來,_,O
,，,_,O
,那,_,O
,就,_,O
,OK,_,O
,。,_,O
Sentence: 160,我們,_,O
,過,_,O
,一,_,O
,段,_,O
,時間,_,O
,再,_,O
,照,_,O
,，,_,O
,這樣,_,O
,就,_,O
,好,_,O
,了,_,O
,。,_,O
Sentence: 161,民眾,_,O
,：,_,O
,可以,_,O
,啊,_,O
,。,_,O
Sentence: 162,醫師,_,O
,：,_,O
,兩,_,B-tim
,個,_,I-tim
,月,_,I-tim
,之後,_,O
,再,_,O
,追蹤,_,O
,看看,_,O
,，,_,O
,沒有,_,O
,問題,_,O
,。,_,O
Sentence: 163,民眾,_,O
,：,_,O
,喔,_,O
,，,_,O
,就,_,O
,是,_,O
,回,_,O
,。,_,O
Sentence: 164,醫師,_,O
,：,_,O
,嘿,_,O
,阿,_,O
,，,_,O
,就,_,O
,採取,_,O
,這樣,_,O
,的,_,O
,方式,_,O
,。,_,O
Sentence: 165,民眾,_,O
,：,_,O
,可以,_,O
,。,_,O
Sentence: 166,醫師,_,O
,：,_,O
,阿賈伯斯,_,O
,的,_,O
,你,_,O
,看,_,O
,了,_,O
,嗎,_,O
,？,_,O
,民眾,_,O
,：,_,O
,賈伯斯,_,B-nam
,的,_,O
,。,_,O
Sentence: 167,醫師,_,O
,：,_,O
,門診,_,O
,。,_,O
Sentence: 168,民眾,_,O
,：,_,O
,門診,_,O
,還,_,O
,沒有,_,O
,，,_,O
,他,_,O
,是,_,O
,下下,_,B-tim
,禮拜,_,I-tim
,。,_,O
Sentence: 169,醫師,_,O
,：,_,O
,喔,_,O
,，,_,O
,他,_,O
,是,_,O
,下下,_,B-tim
,禮拜,_,I-tim
,。,_,O
Sentence: 170,民眾,_,O
,：,_,O
,而且,_,O
,他,_,O
,還是,_,O
,要,_,O
,抽,_,O
,很多,_,O
,血,_,O
,。,_,O
Sentence: 171,醫師,_,O
,：,_,O
,好,_,O
,。,_,O
Sentence: 172,民眾,_,O
,：,_,O
,是,_,O
,還好,_,O
,。,_,O
Sentence: 173,醫師,_,O
,：,_,O
,你,_,O
,住院,_,O
,三月,_,B-tim
,二十一,_,I-tim
,到,_,O
,現在,_,O
,，,_,O
,那,_,O
,我們,_,O
,再,_,O
,兩,_,B-tim
,個,_,I-tim
,禮拜,_,I-tim
,。,_,O
Sentence: 174,我,_,O
,想,_,O
,抗生素,_,O
,還是,_,O
,讓,_,O
,你,_,O
,吃,_,O
,一下,_,O
,好了,_,O
,，,_,O
,預防,_,O
,。,_,O
Sentence: 175,民眾,_,O
,：,_,O
,對,_,O
,，,_,O
,我,_,O
,還是,_,O
,有,_,O
,吃,_,O
,啊,_,O
,，,_,O
,還是,_,O
,有,_,O
,吃,_,O
,。,_,O
Sentence: 176,醫師,_,O
,：,_,O
,那,_,O
,顆,_,O
,綠色,_,O
,的,_,O
,。,_,O
Sentence: 177,民眾,_,O
,：,_,O
,欸,_,O
,，,_,O
,綠色,_,O
,有,_,O
,吃,_,O
,，,_,O
,然後,_,O
,黃色,_,O
,的,_,O
,也,_,O
,有,_,O
,。,_,O
Sentence: 178,醫師,_,O
,：,_,O
,我,_,O
,看,_,O
,一下,_,O
,喔,_,O
,，,_,O
,欸,_,O
,，,_,O
,看,_,O
,一下,_,O
,。,_,O
Sentence: 179,那,_,O
,我們,_,O
,就,_,O
,先,_,O
,停,_,O
,一,_,O
,個,_,O
,好不好,_,O
,？,_,O
,先,_,O
,停,_,O
,黃色,_,O
,的,_,O
,，,_,O
,橘色,_,O
,的,_,O
,啦,_,O
,。,_,O
Sentence: 180,民眾,_,O
,：,_,O
,喔,_,O
,真的,_,O
,喔,_,O
,。,_,O
Sentence: 181,醫師,_,O
,：,_,O
,還是,_,O
,再,_,O
,吃完,_,O
,一,_,O
,串,_,O
,這樣子,_,O
,。,_,O
Sentence: 182,民眾,_,O
,：,_,O
,我,_,O
,都,_,O
,可以,_,O
,啊,_,O
,，,_,O
,我,_,O
,都,_,O
,可以,_,O
,。,_,O
Sentence: 183,醫師,_,O
,：,_,O
,那,_,O
,把,_,O
,它,_,O
,吃完,_,O
,好了,_,O
,。,_,O
Sentence: 184,民眾,_,O
,：,_,O
,把,_,O
,它,_,O
,吃完,_,O
,。,_,O
Sentence: 185,醫師,_,O
,：,_,O
,嘿,_,O
,，,_,O
,吃完,_,O
,。,_,O
Sentence: 186,民眾,_,O
,：OKOK,_,O
,。,_,O
Sentence: 187,醫師,_,O
,：,_,O
,再,_,O
,吃,_,O
,兩,_,B-tim
,個,_,I-tim
,禮拜,_,I-tim
,。,_,O
Sentence: 188,民眾,_,O
,：,_,O
,欸,_,O
,，,_,O
,黃色,_,O
,主要,_,O
,是,_,O
,做,_,O
,什麼,_,O
,的,_,O
,？,_,O
,醫師,_,O
,：,_,O
,就,_,O
,一般,_,O
,的,_,O
,細菌,_,O
,。,_,O
Sentence: 189,民眾,_,O
,：,_,O
,黃色,_,O
,是,_,O
,一般,_,O
,的,_,O
,細菌,_,O
,。,_,O
Sentence: 190,醫師,_,O
,：,_,O
,對,_,O
,。,_,O
Sentence: 191,民眾,_,O
,：,_,O
,我,_,O
,聽說,_,O
,綠色,_,O
,的,_,O
,是,_,O
,比較,_,O
,，,_,O
,對付,_,O
,那,_,O
,種,_,O
,比較,_,O
,難搞,_,O
,的,_,O
,。,_,O
Sentence: 192,醫師,_,O
,：,_,O
,對,_,O
,對,_,O
,對,_,O
,，,_,O
,就,_,O
,是,_,O
,比較,_,O
,罕見,_,O
,的,_,O
,。,_,O
Sentence: 193,民眾,_,O
,：,_,O
,嗯,_,O
,嗯,_,O
,。,_,O
Sentence: 194,醫師,_,O
,：,_,O
,綠色,_,O
,的,_,O
,一定,_,O
,要,_,O
,吃,_,O
,。,_,O
Sentence: 195,民眾,_,O
,：,_,O
,嗯,_,O
,嗯,_,O
,。,_,O
Sentence: 196,醫師,_,O
,：,_,O
,算了,_,O
,，,_,O
,還是,_,O
,少,_,O
,，,_,O
,把,_,O
,它,_,O
,停掉,_,O
,好了,_,O
,。,_,O
Sentence: 197,黃色,_,O
,的,_,O
,，,_,O
,因為,_,O
,橘色,_,O
,的,_,O
,，,_,O
,你,_,O
,白血球,_,O
,不,_,O
,是,_,O
,很,_,O
,高,_,O
,，,_,O
,而且,_,O
,血液,_,O
,培養,_,O
,也,_,O
,沒有,_,O
,長,_,O
,細菌,_,O
,，,_,O
,所以,_,O
,這樣,_,O
,就,_,O
,保留,_,O
,綠色,_,O
,的,_,O
,好了,_,O
,。,_,O
Sentence: 198,民眾,_,O
,：,_,O
,可以,_,O
,啊,_,O
,。,_,O
Sentence: 199,醫師,_,O
,：,_,O
,那,_,O
,你,_,O
,今天,_,O
,是,_,O
,請假,_,O
,還是,_,O
,？,_,O
,民眾,_,O
,：,_,O
,對,_,O
,阿,_,O
,，,_,O
,我,_,O
,繼續,_,O
,請,_,O
,。,_,O
Sentence: 200,我,_,O
,後天,_,B-tim
,上班,_,O
,。,_,O
Sentence: 201,醫師,_,O
,：,_,O
,阿不要,_,O
,太,_,O
,累,_,O
,。,_,O
Sentence: 202,民眾,_,O
,：,_,O
,對,_,O
,阿,_,O
,，,_,O
,我,_,O
,覺得,_,O
,回去,_,O
,還是,_,O
,虛虛,_,O
,的,_,O
,。,_,O
Sentence: 203,畢竟,_,O
,。,_,O
Sentence: 204,醫師,_,O
,：,_,O
,虛虛,_,O
,的,_,O
,。,_,O
Sentence: 205,民眾,_,O
,：,_,O
,對,_,O
,阿,_,O
,，,_,O
,畢竟,_,O
,那,_,O
,個,_,O
,。,_,O
Sentence: 206,醫師,_,O
,：,_,O
,阿你,_,O
,定居,_,O
,美國,_,B-loc
,這樣,_,O
,？,_,O
,民眾,_,O
,：,_,O
,對,_,O
,阿,_,O
,，,_,O
,我,_,O
,現在,_,O
,住,_,O
,。,_,O
Sentence: 207,醫師,_,O
,：,_,O
,買,_,O
,房子,_,O
,。,_,O
Sentence: 208,民眾,_,O
,：,_,O
,住,_,O
,紐約,_,B-loc
,那邊,_,O
,。,_,O
Sentence: 209,醫師,_,O
,：,_,O
,喔,_,O
,，,_,O
,紐約,_,B-loc
,。,_,O
Sentence: 210,民眾,_,O
,：,_,O
,對,_,O
,對,_,O
,對,_,O
,。,_,O
Sentence: 211,醫師,_,O
,：,_,O
,喔,_,O
,，,_,O
,那,_,O
,新,_,O
,社區,_,O
,欸,_,O
,。,_,O
Sentence: 212,民眾,_,O
,：,_,O
,嘿,_,O
,。,_,O
Sentence: 213,醫師,_,O
,：,_,O
,那,_,O
,還,_,O
,不錯,_,O
,欸,_,O
,，,_,O
,還,_,O
,有,_,O
,一,_,O
,個,_,O
,圖書館,_,O
,這樣,_,O
,。,_,O
Sentence: 214,民眾,_,O
,：,_,O
,對,_,O
,，,_,O
,有,_,O
,一,_,O
,個,_,O
,新,_,O
,總圖,_,O
,。,_,O
Sentence: 215,醫師,_,O
,：,_,O
,新,_,O
,總圖,_,O
,這樣子,_,O
,。,_,O
Sentence: 216,民眾,_,O
,：,_,O
,對,_,O
,對,_,O
,對,_,O
,。,_,O
Sentence: 217,醫師,_,O
,：,_,O
,還,_,O
,沒,_,O
,結婚,_,O
,？,_,O
,民眾,_,O
,：,_,O
,還,_,O
,沒,_,O
,結婚,_,O
,，,_,O
,那,_,O
,個,_,O
,感情路,_,O
,比較,_,O
,不,_,O
,順遂,_,O
,。,_,O
Sentence: 218,醫師,_,O
,：,_,O
,沒關係,_,O
,，,_,O
,身體,_,O
,顧好,_,O
,，,_,O
,身體,_,O
,顧好,_,O
,就,_,O
,好,_,O
,。,_,O
Sentence: 219,民眾,_,O
,：,_,O
,我,_,O
,也,_,O
,是,_,O
,這樣,_,O
,想,_,O
,。,_,O
Sentence: 220,醫師,_,O
,：,_,O
,然後,_,O
,，,_,O
,抽血,_,O
,，,_,O
,賈伯斯,_,B-nam
,下下,_,B-tim
,禮拜,_,I-tim
,有,_,O
,抽血,_,O
,。,_,O
Sentence: 221,民眾,_,O
,：,_,O
,嗯,_,O
,。,_,O
Sentence: 222,醫師,_,O
,：,_,O
,那,_,O
,我,_,O
,就,_,O
,看,_,O
,他,_,O
,的,_,O
,數據,_,O
,就,_,O
,好,_,O
,。,_,O
Sentence: 223,民眾,_,O
,：,_,O
,也,_,O
,可以,_,O
,啊,_,O
,，,_,O
,也,_,O
,可以,_,O
,啊,_,O
,，,_,O
,也,_,O
,可以,_,O
,啊,_,O
,。,_,O
Sentence: 224,醫師,_,O
,：,_,O
,阿然,_,O
,後,_,O
,，,_,O
,普拿疼,_,O
,都,_,O
,還,_,O
,有,_,O
,嗎,_,O
,？,_,O
,可以,_,O
,稍微,_,O
,預備,_,O
,著,_,O
,。,_,O
Sentence: 225,民眾,_,O
,：,_,O
,應該,_,O
,都,_,O
,還,_,O
,有,_,O
,。,_,O
Sentence: 226,醫師,_,O
,：,_,O
,都,_,O
,還,_,O
,有,_,O
,，,_,O
,那,_,O
,潰瘍,_,O
,的,_,O
,藥,_,O
,本來,_,O
,就,_,O
,還是,_,O
,要,_,O
,繼續,_,O
,吃,_,O
,的,_,O
,。,_,O
Sentence: 227,民眾,_,O
,：,_,O
,對,_,O
,。,_,O
Sentence: 228,醫師,_,O
,：,_,O
,好,_,O
,，,_,O
,那,_,O
,普拿疼,_,O
,的,_,O
,藥,_,O
,。,_,O
Sentence: 229,普拿疼齁,_,O
,。,_,O
Sentence: 230,民眾,_,O
,：,_,O
,欸,_,O
,，,_,O
,普拿疼,_,O
,我,_,O
,要,_,O
,吃,_,O
,到,_,O
,什麼,_,O
,時候,_,O
,會,_,O
,停,_,O
,？,_,O
,醫師,_,O
,：,_,O
,我們,_,O
,。,_,O
Sentence: 231,因為,_,O
,你,_,O
,現在,_,O
,不,_,O
,太,_,O
,燒,_,O
,了,_,O
,，,_,O
,我,_,O
,還是,_,O
,開,_,O
,。,_,O
Sentence: 232,民眾,_,O
,：,_,O
,嗯,_,O
,。,_,O
Sentence: 233,醫師,_,O
,：,_,O
,那,_,O
,我們,_,O
,用,_,O
,備用,_,O
,的,_,O
,。,_,O
Sentence: 234,民眾,_,O
,：,_,O
,就是,_,O
,不用說,_,O
,那,_,O
,個,_,O
,，,_,O
,有,_,O
,怪怪,_,O
,的,_,O
,就,_,O
,吃,_,O
,。,_,O
Sentence: 235,醫師,_,O
,：,_,O
,你,_,O
,覺得,_,O
,怪怪,_,O
,的,_,O
,時候,_,O
,再,_,O
,吃,_,O
,這樣,_,O
,好,_,O
,不,_,O
,好,_,O
,。,_,O
Sentence: 236,民眾,_,O
,：,_,O
,好,_,O
,，,_,O
,了,_,O
,解,_,O
,。,_,O
Sentence: 237,醫師,_,O
,：,_,O
,就,_,O
,比較,_,O
,自然,_,O
,的,_,O
,方式,_,O
,這樣子,_,O
,。,_,O
Sentence: 238,民眾,_,O
,：,_,O
,了,_,O
,解,_,O
,。,_,O
Sentence: 239,醫師,_,O
,：,_,O
,好,_,O
,喔,_,O
,。,_,O
Sentence: 240,那,_,O
,就,_,O
,藥物,_,O
,挑,_,O
,簡單,_,O
,一點,_,O
,，,_,O
,我,_,O
,想要,_,O
,看看,_,O
,在,_,O
,這,_,O
,狀況,_,O
,下,_,O
,你,_,O
,的,_,O
,燒,_,O
,還,_,O
,會不會,_,O
,持續,_,O
,這樣子,_,O
,。,_,O
Sentence: 241,民眾,_,O
,：,_,O
,對,_,O
,對,_,O
,對,_,O
,。,_,O
Sentence: 242,醫師,_,O
,：,_,O
,那,_,O
,我,_,O
,就,_,O
,約,_,O
,，,_,O
,也,_,O
,是,_,O
,約下,_,O
,下,_,I-tim
,個,_,I-tim
,禮拜,_,I-tim
,。,_,O
Sentence: 243,民眾,_,O
,：,_,O
,下下,_,B-tim
,禮拜,_,I-tim
,。,_,O
Sentence: 244,醫師,_,O
,：,_,O
,好,_,O
,不好,_,O
,？,_,O
,因為,_,O
,你,_,O
,本來,_,O
,就,_,O
,賈伯斯,_,B-nam
,。,_,O
Sentence: 245,民眾,_,O
,：,_,O
,賈伯斯,_,B-nam
,是,_,O
,七號,_,B-tim
,。,_,O
Sentence: 246,醫師,_,O
,：,_,O
,四月,_,B-tim
,，,_,O
,今天,_,O
,。,_,O
Sentence: 247,民眾,_,O
,：,_,O
,今天,_,O
,二十號,_,B-tim
,，,_,O
,剛好,_,O
,是,_,O
,到,_,O
,下下,_,B-tim
,禮拜七,_,I-tim
,號,_,I-tim
,。,_,O
Sentence: 248,醫師,_,O
,：,_,O
,到,_,O
,下下,_,B-tim
,禮拜九,_,I-tim
,號,_,I-tim
,。,_,O
Sentence: 249,民眾,_,O
,：,_,O
,對,_,O
,，,_,O
,四月,_,B-tim
,四號,_,I-tim
,。,_,O
Sentence: 250,醫師,_,O
,：,_,O
,可以,_,O
,齁,_,O
,？,_,O
,民眾,_,O
,：,_,O
,可以,_,O
,啊,_,O
,，,_,O
,等於,_,O
,說,_,O
,一,_,O
,次,_,O
,來,_,O
,看,_,O
,三,_,B-tim
,個,_,I-tim
,。,_,O
Sentence: 251,醫師,_,O
,：,_,O
,齁,_,O
,，,_,O
,好,_,O
,。,_,O
Sentence: 252,民眾,_,O
,：,_,O
,也,_,O
,OK,_,O
,呀,_,O
,，,_,O
,也,_,O
,OK,_,O
,呀,_,O
,。,_,O
Sentence: 253,醫師,_,O
,：,_,O
,啊,_,O
,然後,_,O
,，,_,O
,好像,_,O
,，,_,O
,你,_,O
,的,_,O
,胃藥,_,O
,也,_,O
,快,_,O
,沒,_,O
,了,_,O
,吧,_,O
,？,_,O
,民眾,_,O
,：,_,O
,你,_,O
,說,_,O
,那,_,O
,個,_,O
,，,_,O
,對,_,O
,，,_,O
,那,_,O
,個,_,O
,一,_,O
,天,_,O
,一,_,O
,次,_,O
,。,_,O
Sentence: 254,醫師,_,O
,：,_,O
,好,_,O
,，,_,O
,那,_,O
,我,_,O
,也,_,O
,開給,_,O
,你,_,O
,。,_,O
Sentence: 255,民眾,_,O
,：OKOK,_,O
,。,_,O
Sentence: 256,醫師,_,O
,：,_,O
,我,_,O
,順便,_,O
,開給,_,O
,你,_,O
,。,_,O
Sentence: 257,民眾,_,O
,：,_,O
,好,_,O
,。,_,O
Sentence: 258,醫師,_,O
,：,_,O
,喔,_,O
,，,_,O
,所以,_,O
,他,_,O
,先,_,O
,讓,_,O
,你,_,O
,來,_,O
,我,_,O
,這邊,_,O
,看,_,O
,一下,_,O
,。,_,O
Sentence: 259,民眾,_,O
,：,_,O
,對,_,O
,。,_,O
Sentence: 260,醫師,_,O
,：,_,O
,然後,_,O
,抽,_,O
,血單,_,O
,。,_,O
Sentence: 261,民眾,_,O
,：,_,O
,欸,_,O
,對,_,O
,，,_,O
,我,_,O
,的,_,O
,切片,_,O
,，,_,O
,那,_,O
,個,_,O
,驗起來,_,O
,應該,_,O
,都,_,O
,。,_,O
Sentence: 262,醫師,_,O
,：,_,O
,沒有,_,O
,惡性,_,O
,的,_,O
,，,_,O
,也,_,O
,沒有,_,O
,，,_,O
,也,_,O
,沒有,_,O
,那,_,O
,個,_,O
,，,_,O
,也,_,O
,沒有,_,O
,，,_,O
,也,_,O
,沒有,_,O
,幽門,_,O
,螺旋桿菌,_,O
,。,_,O
Sentence: 263,民眾,_,O
,：,_,O
,嗯,_,O
,嗯,_,O
,嗯,_,O
,。,_,O
Sentence: 264,醫師,_,O
,：,_,O
,所以,_,O
,，,_,O
,就,_,O
,是,_,O
,，,_,O
,就,_,O
,是,_,O
,純粹,_,O
,應該,_,O
,就,_,O
,是,_,O
,。,_,O
Sentence: 265,民眾,_,O
,：,_,O
,欸,_,O
,，,_,O
,我,_,O
,一直,_,O
,以為,_,O
,這,_,O
,一,_,O
,次,_,O
,，,_,O
,有點,_,O
,像,_,O
,什麼,_,O
,諾羅,_,O
,病毒,_,O
,，,_,O
,可是,_,O
,又,_,O
,好像,_,O
,不,_,O
,像,_,O
,齁,_,O
,。,_,O
Sentence: 266,那,_,O
,好像,_,O
,不,_,O
,是,_,O
,，,_,O
,不,_,O
,是,_,O
,，,_,O
,好像,_,O
,不,_,O
,是,_,O
,腸胃炎,_,O
,都,_,O
,是,_,O
,諾羅,_,O
,病毒,_,O
,。,_,O
Sentence: 267,醫師,_,O
,：,_,O
,啊,_,O
,你,_,O
,周遭,_,O
,的,_,O
,人,_,O
,有沒有,_,O
,像,_,O
,這樣子,_,O
,？,_,O
,民眾,_,O
,：,_,O
,欸,_,O
,，,_,O
,有,_,O
,，,_,O
,可是,_,O
,他,_,O
,沒,_,O
,燒,_,O
,那麼,_,O
,久,_,O
,。,_,O
Sentence: 268,醫師,_,O
,：,_,O
,諾羅,_,O
,病毒,_,O
,通常,_,O
,大概,_,O
,一,_,O
,天,_,O
,兩,_,O
,天,_,O
,。,_,O
Sentence: 269,民眾,_,O
,：,_,O
,對,_,O
,阿。,_,O
,啊,_,O
,像,_,O
,我,_,O
,五,_,B-tim
,天,_,I-tim
,。,_,O
Sentence: 270,醫師,_,O
,：,_,O
,好像,_,O
,有點,_,O
,久,_,O
,。,_,O
Sentence: 271,民眾,_,O
,：,_,O
,嘿,_,O
,啊,_,O
,。,_,O
Sentence: 272,醫師,_,O
,：,_,O
,阿諾羅,_,O
,病毒,_,O
,大部分,_,O
,就,_,O
,上吐下瀉,_,O
,這樣子,_,O
,。,_,O
Sentence: 273,民眾,_,O
,：,_,O
,對,_,O
,，,_,O
,我,_,O
,吐,_,O
,還好,_,O
,，,_,O
,就,_,O
,第一,_,O
,天,_,O
,吐,_,O
,比較,_,O
,嚴重,_,O
,，,_,O
,剩下,_,O
,好像,_,O
,。,_,O
Sentence: 274,醫師,_,O
,：,_,O
,好像,_,O
,，,_,O
,可能,_,O
,是,_,O
,什麼,_,O
,，,_,O
,不,_,O
,知道,_,O
,吃到,_,O
,什麼,_,O
,，,_,O
,什麼,_,O
,其他,_,O
,病毒,_,O
,吧,_,O
,。,_,O
Sentence: 275,民眾,_,O
,：,_,O
,喔,_,O
,。,_,O
Sentence: 276,醫師,_,O
,：,_,O
,我,_,O
,在,_,O
,猜,_,O
,這樣子,_,O
,。,_,O
Sentence: 277,民眾,_,O
,：,_,O
,了,_,O
,解,_,O
,。,_,O
Sentence: 278,民眾,_,O
,：,_,O
,因為,_,O
,是,_,O
,，,_,O
,病發,_,O
,的確,_,O
,是,_,O
,，,_,O
,的確,_,O
,是,_,O
,腸胃,_,O
,啦,_,O
,。,_,O
Sentence: 279,醫師,_,O
,：,_,O
,是,_,O
,腸胃,_,O
,沒有,_,O
,錯,_,O
,。,_,O
Sentence: 280,民眾,_,O
,：,_,O
,這,_,O
,是,_,O
,確定,_,O
,的,_,O
,。,_,O
Sentence: 281,醫師,_,O
,：,_,O
,確定,_,O
,沒有,_,O
,錯,_,O
,的,_,O
,。,_,O
Sentence: 282,民眾,_,O
,：,_,O
,對,_,O
,對,_,O
,對,_,O
,。,_,O
Sentence: 283,醫師,_,O
,：,_,O
,你,_,O
,以前,_,O
,是,_,O
,，,_,O
,都,_,O
,不,_,O
,知道,_,O
,在,_,O
,哪裡,_,O
,。,_,O
Sentence: 284,民眾,_,O
,：,_,O
,這,_,O
,拖,_,O
,太,_,O
,久,_,O
,了,_,O
,，,_,O
,這,_,O
,拖,_,O
,太,_,O
,久,_,O
,了,_,O
,。,_,O
Sentence: 285,現在,_,O
,想起來,_,O
,還,_,O
,真的,_,O
,還是,_,O
,不,_,O
,知道,_,O
,，,_,O
,我,_,O
,覺得,_,O
,最,_,O
,後面,_,O
,也,_,O
,是,_,O
,誤打誤撞,_,O
,，,_,O
,我,_,O
,覺得,_,O
,不,_,O
,是,_,O
,TT,_,O
,。,_,O
Sentence: 286,醫師,_,O
,：,_,O
,你,_,O
,覺得,_,O
,不,_,O
,是,_,O
,TT,_,O
,。,_,O
Sentence: 287,民眾,_,O
,：,_,O
,我,_,O
,覺得,_,O
,不,_,O
,是,_,O
,。,_,O
Sentence: 288,只是,_,O
,剛好,_,O
,那,_,O
,時候,_,O
,。,_,O
Sentence: 289,醫師,_,O
,：,_,O
,剛好,_,O
,那,_,O
,時候,_,O
,燒,_,O
,要,_,O
,退,_,O
,。,_,O
Sentence: 290,民眾,_,O
,：,_,O
,對,_,O
,對,_,O
,，,_,O
,差不多,_,O
,，,_,O
,幹,_,O
,，,_,O
,對,_,O
,欸,_,O
,。,_,O
Sentence: 291,然後,_,O
,吃到,_,O
,TT,_,O
,的,_,O
,藥,_,O
,。,_,O
Sentence: 292,醫師,_,O
,：,_,O
,而且,_,O
,你,_,O
,都,_,O
,那,_,O
,個,_,O
,欸,_,O
,，,_,O
,你,_,O
,剛才,_,O
,去,_,O
,做,_,O
,了,_,O
,中,_,O
,膈腔鏡,_,O
,都,_,O
,開刀,_,O
,，,_,O
,都,_,O
,開進去,_,O
,了,_,O
,。,_,O
Sentence: 293,民眾,_,O
,：,_,O
,對,_,O
,啊,_,O
,，,_,O
,都,_,O
,開進去,_,O
,了,_,O
,。,_,O
Sentence: 294,醫師,_,O
,：,_,O
,對,_,O
,啊,_,O
,。,_,O
Sentence: 295,民眾,_,O
,：,_,O
,心包膜,_,O
,跟,_,O
,心肌,_,O
,都,_,O
,切,_,O
,了,_,O
,啊,_,O
,。,_,O
Sentence: 296,醫師,_,O
,：,_,O
,發現,_,O
,你,_,O
,體質,_,O
,真的,_,O
,怪怪,_,O
,的,_,O
,，,_,O
,蠻,_,O
,敏感,_,O
,的,_,O
,。,_,O
Sentence: 297,我,_,O
,不,_,O
,知道,_,O
,，,_,O
,是,_,O
,不,_,O
,是,_,O
,這樣,_,O
,。,_,O
Sentence: 298,民眾,_,O
,：,_,O
,哈,_,O
,哈哈,_,O
,。,_,O
Sentence: 299,醫師,_,O
,：,_,O
,好,_,O
,好,_,O
,好,_,O
,，,_,O
,那,_,O
,我,_,O
,就,_,O
,開,_,O
,三,_,O
,個,_,O
,藥,_,O
,給,_,O
,你,_,O
,。,_,O
Sentence: 300,民眾,_,O
,：OK,_,O
,。,_,O
Sentence: 301,好,_,O
,好,_,O
,好,_,O
,。,_,O
Sentence: 302,醫師,_,O
,：,_,O
,好,_,O
,喔,_,O
,。,_,O
Sentence: 303,民眾,_,O
,：OK,_,O
,，,_,O
,好,_,O
,，,_,O
,謝謝,_,O
,，,_,O
,謝謝,_,O
,。,_,O
Sentence: 304,醫師,_,O
,：,_,O
,啊,_,O
,我們,_,O
,從,_,O
,後面,_,O
,走,_,O
,跟,_,O
,學弟,_,O
,，,_,O
,他,_,O
,給,_,O
,你,_,O
,一百五十,_,O
,塊,_,O
,一點點,_,O
,車馬費,_,O
,。,_,O
Sentence: 305,民眾,_,O
,：,_,O
,這麼,_,O
,好,_,O
,喔,_,O
,。,_,O
Sentence: 306,醫師,_,O
,：,_,O
,阿阿嬤,_,O
,她,_,O
,好像,_,O
,說,_,O
,有,_,O
,，,_,O
,前天,_,B-tim
,又,_,O
,有,_,O
,在,_,O
,發燒,_,O
,喔,_,O
,。,_,O
Sentence: 307,家屬,_,O
,：,_,O
,對,_,O
,阿都,_,O
,，,_,O
,有時候,_,O
,都,_,O
,會,_,O
,一,_,O
,天,_,O
,她,_,O
,會,_,O
,燒,_,O
,，,_,O
,誒,_,O
,，,_,O
,可是,_,O
,她,_,O
,這樣,_,O
,前天,_,B-tim
,就,_,O
,燒,_,O
,兩,_,O
,次,_,O
,了,_,O
,。,_,O
Sentence: 308,醫師,_,O
,：,_,O
,好,_,O
,，,_,O
,那樣,_,O
,不行,_,O
,。,_,O
Sentence: 309,家屬,_,O
,：,_,O
,下午,_,O
,誒,_,O
,，,_,O
,昨天,_,O
,下午,_,B-tim
,四點,_,I-tim
,一,_,O
,次,_,O
,，,_,O
,然後,_,O
,半夜,_,O
,一點半,_,B-tim
,兩點,_,I-tim
,那邊,_,O
,又,_,O
,燒到,_,O
,38.2,_,B-med
,。,_,O
Sentence: 310,醫師,_,O
,：,_,O
,喔,_,O
,，,_,O
,是,_,O
,是,_,O
,。,_,O
Sentence: 311,家屬,_,O
,：,_,O
,對,_,O
,。,_,O
Sentence: 312,醫師,_,O
,：,_,O
,因為,_,O
,主要,_,O
,是,_,O
,她,_,O
,尿尿,_,O
,裡面,_,O
,有,_,O
,細菌,_,O
,阿。,_,O
,家屬,_,O
,：,_,O
,恩。,_,O
,醫師,_,O
,：,_,O
,它,_,O
,裡面,_,O
,有,_,O
,細菌,_,O
,，,_,O
,然後,_,O
,齁,_,O
,，,_,O
,它,_,O
,這,_,O
,個,_,O
,細菌,_,O
,我們,_,O
,知道,_,O
,是,_,O
,什麼,_,O
,樣,_,O
,的,_,O
,細菌,_,O
,嘛,_,O
,齁,_,O
,。,_,O
Sentence: 313,家屬,_,O
,：,_,O
,恩哼,_,O
,。,_,O
Sentence: 314,醫師,_,O
,：,_,O
,這,_,O
,個,_,O
,是,_,O
,克雷伯氏,_,O
,肺炎,_,O
,桿菌,_,O
,，,_,O
,喔,_,O
,這,_,O
,只,_,O
,是,_,O
,名字,_,O
,而已,_,O
,啦,_,O
,。,_,O
Sentence: 315,家屬,_,O
,：,_,O
,喔,_,O
,。,_,O
Sentence: 316,醫師,_,O
,：,_,O
,克雷伯氏,_,O
,細菌,_,O
,，,_,O
,阿因為,_,O
,她,_,O
,吃,_,O
,了,_,O
,這,_,O
,個,_,O
,藥齁,_,O
,，,_,O
,我們,_,O
,有,_,O
,吃,_,O
,的,_,O
,也,_,O
,有,_,O
,打針,_,O
,的,_,O
,齁,_,O
,，,_,O
,阿這樣,_,O
,看起來,_,O
,，,_,O
,剛好,_,O
,用,_,O
,吃,_,O
,的,_,O
,喔,_,O
,，,_,O
,它,_,O
,效果,_,O
,都,_,O
,很,_,O
,差,_,O
,阿。,_,O
,家屬,_,O
,：,_,O
,喔,_,O
,，,_,O
,好好,_,O
,。,_,O
Sentence: 317,醫師,_,O
,：,_,O
,是,_,O
,，,_,O
,阿所以,_,O
,我們,_,O
,要,_,O
,用,_,O
,注射,_,O
,的,_,O
,。,_,O
Sentence: 318,家屬,_,O
,：,_,O
,喔,_,O
,。,_,O
Sentence: 319,醫師,_,O
,：,_,O
,我們,_,O
,，,_,O
,我們,_,O
,讓,_,O
,你,_,O
,打針,_,O
,，,_,O
,回去,_,O
,開打針,_,O
,的,_,O
,藥,_,O
,回去,_,O
,。,_,O
Sentence: 320,家屬,_,O
,：,_,O
,好好,_,O
,。,_,O
Sentence: 321,醫師,_,O
,：,_,O
,阿,_,O
,這,_,O
,個,_,O
,剛好,_,O
,，,_,O
,這邊,_,O
,有,_,O
,藥齁,_,O
,，,_,O
,是,_,O
,一,_,O
,天,_,O
,一,_,O
,次,_,O
,。,_,O
Sentence: 322,家屬,_,O
,：,_,O
,恩,_,O
,。,_,O
Sentence: 323,醫師,_,O
,：,_,O
,一,_,O
,天,_,O
,注,_,O
,一,_,O
,次,_,O
,，,_,O
,一,_,O
,日,_,O
,注,_,O
,一,_,O
,次,_,O
,這樣,_,O
,。,_,O
Sentence: 324,民眾,_,O
,：,_,O
,一,_,O
,天,_,O
,要,_,O
,注,_,O
,一,_,O
,次,_,O
,？,_,O
,醫師,_,O
,：,_,O
,是,_,O
,。,_,O
Sentence: 325,民眾,_,O
,：,_,O
,喔,_,O
,，,_,O
,好,_,O
,。,_,O
Sentence: 326,醫師,_,O
,：,_,O
,這樣,_,O
,你,_,O
,，,_,O
,你們,_,O
,家,_,O
,有,_,O
,辦法,_,O
,？,_,O
,民眾,_,O
,：,_,O
,有,_,O
,，,_,O
,我們,_,O
,那邊,_,O
,有,_,O
,一,_,O
,間,_,O
,診所,_,O
,。,_,O
Sentence: 327,醫師,_,O
,：,_,O
,阿他們,_,O
,可以,_,O
,齁,_,O
,？,_,O
,家屬,_,O
,：,_,O
,可以,_,O
,，,_,O
,誒,_,O
,，,_,O
,阿如果說,_,O
,她,_,O
,平常,_,O
,在,_,O
,打,_,O
,營養針,_,O
,…,_,O
,…,_,O
,醫師,_,O
,：,_,O
,那,_,O
,一樣,_,O
,的,_,O
,。,_,O
Sentence: 328,家屬,_,O
,：,_,O
,這樣,_,O
,有,_,O
,，,_,O
,這樣,_,O
,有,_,O
,衝突,_,O
,，,_,O
,誒,_,O
,衝突,_,O
,？,_,O
,醫師,_,O
,：,_,O
,就,_,O
,是,_,O
,…,_,O
,…,_,O
,家屬,_,O
,：,_,O
,沒有,_,O
,關係,_,O
,，,_,O
,分開,_,O
,就,_,O
,好,_,O
,。,_,O
Sentence: 329,醫師,_,O
,：,_,O
,分開,_,O
,就,_,O
,好,_,O
,。,_,O
Sentence: 330,家屬,_,O
,：,_,O
,喔,_,O
,。,_,O
Sentence: 331,醫師,_,O
,：,_,O
,阿那,_,O
,我,_,O
,寫,_,O
,一,_,O
,個,_,O
,轉診單,_,O
,。,_,O
Sentence: 332,家屬,_,O
,：,_,O
,是,_,O
,。,_,O
Sentence: 333,醫師,_,O
,：,_,O
,給,_,O
,她,_,O
,…,_,O
,…,_,O
,給,_,O
,她,_,O
,，,_,O
,讓,_,O
,醫師,_,O
,了,_,O
,解,_,O
,這樣,_,O
,。,_,O
Sentence: 334,家屬,_,O
,：,_,O
,喔,_,O
,，,_,O
,好好,_,O
,。,_,O
Sentence: 335,醫師,_,O
,：,_,O
,阿它,_,O
,…,_,O
,…,_,O
,它,_,O
,那,_,O
,個,_,O
,診所,_,O
,的,_,O
,名字,_,O
,，,_,O
,叫,_,O
,什麼,_,O
,名字,_,O
,呢,_,O
,？,_,O
,家屬,_,O
,：,_,O
,阿那,_,O
,個,_,O
,，,_,O
,那,_,O
,個,_,O
,全名,_,O
,？,_,O
,民眾,_,O
,：,_,O
,我,_,O
,…,_,O
,…,_,O
,我,_,O
,不會,_,O
,寫,_,O
,阿～,_,O
,我,_,O
,不,_,O
,寫,_,O
,阿。,_,O
,家屬,_,O
,：,_,O
,是,_,O
,，,_,O
,怎樣,_,O
,？,_,O
,民眾,_,O
,：,_,O
,阿那,_,O
,個,_,O
,，,_,O
,誒,_,O
,那,_,O
,個,_,O
,慶鴻,_,O
,，,_,O
,它,_,O
,是,_,O
,慶祝,_,O
,的,_,O
,慶,_,O
,，,_,O
,阿哪,_,O
,一,_,O
,個,_,O
,鴻,_,O
,？,_,O
,醫師,_,O
,：,_,O
,我,_,O
,要,_,O
,寫,_,O
,轉診單,_,O
,。,_,O
Sentence: 336,家屬,_,O
,：,_,O
,江鳥鴻,_,O
,嗎,_,O
,？,_,O
,醫師,_,O
,：,_,O
,江鳥鴻齁,_,O
,。,_,O
Sentence: 337,家屬,_,O
,：,_,O
,好,_,O
,，,_,O
,可是,_,O
,她,_,O
,沒有,_,O
,健保,_,O
,喔,_,O
,？,_,O
,醫師,_,O
,：,_,O
,他,_,O
,。,_,O
Sentence: 338,家屬,_,O
,：,_,O
,它,_,O
,是,_,O
,自費,_,O
,的,_,O
,？,_,O
,醫師,_,O
,：,_,O
,她,_,O
,她,_,O
,，,_,O
,但是,_,O
,她,_,O
,診所,_,O
,有,_,O
,註冊,_,O
,嘛,_,O
,，,_,O
,對,_,O
,不,_,O
,對,_,O
,？,_,O
,家屬,_,O
,：,_,O
,有,_,O
,有,_,O
,有,_,O
,有,_,O
,有,_,O
,。,_,O
Sentence: 339,醫師,_,O
,：,_,O
,喔,_,O
,，,_,O
,那,_,O
,就,_,O
,可以,_,O
,了,_,O
,。,_,O
Sentence: 340,家屬,_,O
,：,_,O
,江,_,O
,…,_,O
,…,_,O
,醫師,_,O
,：,_,O
,江鳥,_,O
,，,_,O
,叫做,_,O
,慶鴻,_,O
,。,_,O
Sentence: 341,家屬,_,O
,：,_,O
,誒,_,O
,她,_,O
,說,_,O
,這,_,O
,個,_,O
,針,_,O
,是,_,O
,打肉,_,O
,的,_,O
,還是,_,O
,打,_,O
,血管,_,O
,的,_,O
,？,_,O
,醫師,_,O
,：,_,O
,血管,_,O
,的,_,O
,。,_,O
Sentence: 342,家屬,_,O
,：,_,O
,血管,_,O
,血管,_,O
,。,_,O
Sentence: 343,誒,_,O
,可以,_,O
,埋針,_,O
,嗎,_,O
,？,_,O
,醫師,_,O
,：,_,O
,可以,_,O
,。,_,O
Sentence: 344,家屬,_,O
,：,_,O
,阿有,_,O
,附針頭,_,O
,呵呵,_,O
,呵,_,O
,～,_,O
,醫師,_,O
,：,_,O
,附,_,O
,針頭,_,O
,嗎,_,O
,？,_,O
,家屬,_,O
,：,_,O
,好像,_,O
,…,_,O
,…,_,O
,沒有,_,O
,喔,_,O
,？,_,O
,醫師,_,O
,：,_,O
,沒有,_,O
,。,_,O
Sentence: 345,家屬,_,O
,：,_,O
,沒辦法,_,O
,，,_,O
,喔,_,O
,沒辦法,_,O
,，,_,O
,沒關係,_,O
,沒關係,_,O
,。,_,O
Sentence: 346,醫師,_,O
,：,_,O
,還是,_,O
,用,_,O
,，,_,O
,用,_,O
,同,_,O
,一,_,O
,針,_,O
,。,_,O
Sentence: 347,家屬,_,O
,：,_,O
,要,_,O
,轉診,_,O
,去,_,O
,，,_,O
,去,_,O
,慶鴻,_,O
,，,_,O
,阿要,_,O
,寫,_,O
,一,_,O
,張,_,O
,轉診單,_,O
,去,_,O
,慶鴻,_,O
,啦,_,O
,，,_,O
,是,_,O
,再,_,O
,叫,_,O
,他,_,O
,幫,_,O
,我們,_,O
,處理,_,O
,，,_,O
,好好,_,O
,。,_,O
Sentence: 348,家屬,_,O
,：,_,O
,鴻,_,O
,是,_,O
,江鳥鴻,_,O
,。,_,O
Sentence: 349,醫師,_,O
,：,_,O
,江鳥鴻,_,O
,。,_,O
Sentence: 350,醫師,_,O
,：,_,O
,阿食,_,O
,鹽水,_,O
,會,_,O
,附給,_,O
,你,_,O
,這樣,_,O
,。,_,O
Sentence: 351,家屬,_,O
,：,_,O
,好,_,O
,。,_,O
Sentence: 352,醫師,_,O
,：,_,O
,阿,_,O
,今天,_,O
,就,_,O
,要,_,O
,打,_,O
,了,_,O
,，,_,O
,齁,_,O
,。,_,O
Sentence: 353,家屬,_,O
,：,_,O
,好,_,O
,。,_,O
Sentence: 354,醫師,_,O
,：,_,O
,我,_,O
,開,_,O
,六,_,B-tim
,天,_,I-tim
,，,_,O
,因為,_,O
,我,_,O
,禮拜三,_,B-tim
,有診,_,O
,，,_,O
,就,_,O
,看,_,O
,一下,_,O
,狀況,_,O
,怎麼樣,_,O
,這樣子,_,O
,。,_,O
Sentence: 355,家屬,_,O
,：,_,O
,喔,_,O
,好,_,O
,。,_,O
Sentence: 356,民眾,_,O
,：,_,O
,我,_,O
,都,_,O
,以為,_,O
,它,_,O
,那,_,O
,個,_,O
,結核菌,_,O
,都,_,O
,跑到,_,O
,頭,_,O
,上,_,O
,去,_,O
,呵呵,_,O
,～,_,O
,家屬,_,O
,：,_,O
,不會,_,O
,啦,_,O
,。,_,O
Sentence: 357,醫師,_,O
,：,_,O
,現在,_,O
,是,_,O
,怪怪,_,O
,的,_,O
,是,_,O
,不,_,O
,是,_,O
,？,_,O
,家屬,_,O
,：,_,O
,不會,_,O
,亂,_,O
,跑,_,O
,啦,_,O
,。,_,O
Sentence: 358,民眾,_,O
,：,_,O
,就是,_,O
,…,_,O
,…,_,O
,醫師,_,O
,：,_,O
,它,_,O
,結核,_,O
,，,_,O
,結核菌,_,O
,跑到,_,O
,腦,_,O
,部會,_,O
,…,_,O
,…,_,O
,會,_,O
,昏,_,O
,…,_,O
,…,_,O
,家屬,_,O
,：,_,O
,昏睡,_,O
,。,_,O
Sentence: 359,醫師,_,O
,：,_,O
,昏睡,_,O
,阿,_,O
,，,_,O
,會,_,O
,像,_,O
,恍神,_,O
,恍神,_,O
,這樣,_,O
,，,_,O
,她,_,O
,有,_,O
,嗎,_,O
,？,_,O
,家屬,_,O
,：,_,O
,是,_,O
,沒有,_,O
,，,_,O
,是,_,O
,有,_,O
,一,_,O
,兩,_,O
,天,_,O
,她,_,O
,就,_,O
,是,_,O
,晚上,_,O
,就,_,O
,一直,_,O
,睡,_,O
,，,_,O
,都,_,O
,叫,_,O
,不,_,O
,起來,_,O
,。,_,O
Sentence: 360,醫師,_,O
,：,_,O
,喔,_,O
,她,_,O
,那,_,O
,時候,_,O
,有,_,O
,發燒,_,O
,嗎,_,O
,？,_,O
,家屬,_,O
,：,_,O
,沒,_,O
,發燒,_,O
,。,_,O
Sentence: 361,醫師,_,O
,：,_,O
,沒,_,O
,發燒,_,O
,。,_,O
Sentence: 362,家屬,_,O
,：,_,O
,有,_,O
,，,_,O
,有,_,O
,一兩,_,O
,次,_,O
,都,_,O
,這樣,_,O
,。,_,O
Sentence: 363,醫師,_,O
,：,_,O
,還是,_,O
,藥,_,O
,？,_,O
,家屬,_,O
,：,_,O
,藥,_,O
,，,_,O
,就,_,O
,藥,_,O
,喔,_,O
,？,_,O
,醫師,_,O
,：,_,O
,結核菌,_,O
,是,_,O
,會,_,O
,跑,_,O
,啦,_,O
,，,_,O
,會,_,O
,跑,_,O
,，,_,O
,有,_,O
,，,_,O
,也,_,O
,有,_,O
,跑,_,O
,，,_,O
,不過,_,O
,那,_,O
,比例,_,O
,也,_,O
,很,_,O
,低,_,O
,。,_,O
Sentence: 364,家屬,_,O
,：,_,O
,好,_,O
,。,_,O
Sentence: 365,醫師,_,O
,：,_,O
,阿但,_,O
,是,_,O
,也,_,O
,是,_,O
,一樣,_,O
,也,_,O
,是,_,O
,吃,_,O
,藥,_,O
,阿呵,_,O
,～,_,O
,民眾,_,O
,：,_,O
,阿就,_,O
,吃,_,O
,，,_,O
,也,_,O
,是,_,O
,吃,_,O
,藥,_,O
,這樣,_,O
,嗎,_,O
,？,_,O
,醫師,_,O
,：,_,O
,是,_,O
,。,_,O
Sentence: 366,民眾,_,O
,：,_,O
,就,_,O
,是,_,O
,那,_,O
,幾,_,O
,顆,_,O
,藥,_,O
,在,_,O
,輪,_,O
,？,_,O
,醫師,_,O
,：,_,O
,不,_,O
,…,_,O
,…,_,O
,不過,_,O
,有時候,_,O
,我們,_,O
,會,_,O
,調整,_,O
,啦,_,O
,。,_,O
Sentence: 367,家屬,_,O
,：,_,O
,喔,_,O
,。,_,O
Sentence: 368,醫師,_,O
,：,_,O
,因為,_,O
,這,_,O
,個,_,O
,…,_,O
,…,_,O
,護理師,_,O
,：,_,O
,沒有,_,O
,誒,_,O
,。,_,O
Sentence: 369,家屬,_,O
,：,_,O
,沒有,_,O
,喔,_,O
,？,_,O
,護理師,_,O
,：,_,O
,因為,_,O
,它,_,O
,這邊,_,O
,電話,_,O
,都,_,O
,是,_,O
,07,_,O
,，,_,O
,04,_,O
,，,_,O
,跟,_,O
,05,_,O
,的,_,O
,。,_,O
Sentence: 370,家屬,_,O
,：,_,O
,誒,_,O
,，,_,O
,我,_,O
,問,_,O
,一下,_,O
,。,_,O
Sentence: 371,護理師,_,O
,：,_,O
,沒有,_,O
,08,_,O
,的,_,O
,誒,_,O
,。,_,O
Sentence: 372,醫師,_,O
,：,_,O
,還是,_,O
,什麼,_,O
,名字,_,O
,？,_,O
,護理師,_,O
,：,_,O
,因為,_,O
,他,_,O
,是,_,O
,眼科,_,O
,診所,_,O
,，,_,O
,然後,_,O
,跟,_,O
,檢驗所,_,O
,，,_,O
,對,_,O
,阿,_,O
,如果,_,O
,我,_,O
,查,_,O
,的話,_,O
,是,_,O
,這樣子,_,O
,。,_,O
Sentence: 373,家屬,_,O
,：,_,O
,我,_,O
,印象,_,O
,很,_,O
,清楚,_,O
,…,_,O
,…,_,O
,恩,_,O
,…,_,O
,…,_,O
,慶鴻,_,B-loc
,學院,_,I-loc
,，,_,O
,阿他,_,O
,說,_,O
,打,_,O
,，,_,O
,google,_,O
,有,_,O
,，,_,O
,他,_,O
,說,_,O
,google,_,O
,有,_,O
,。,_,O
Sentence: 374,醫師,_,O
,：,_,O
,不過,_,O
,她,_,O
,沒,_,O
,，,_,O
,她,_,O
,是,_,O
,沒有,_,O
,開,_,O
,，,_,O
,她,_,O
,全部,_,O
,都,_,O
,是,_,O
,看,_,O
,自費,_,O
,的,_,O
,？,_,O
,家屬,_,O
,：,_,O
,對,_,O
,對,_,O
,對,_,O
,。,_,O
Sentence: 375,醫師,_,O
,：,_,O
,喔,_,O
,，,_,O
,阿所以,_,O
,她,_,O
,沒有,_,O
,加入,_,O
,健保,_,O
,？,_,O
,護理師,_,O
,：,_,O
,她,_,O
,沒有,_,O
,健保,_,O
,，,_,O
,因為,_,O
,我們,_,O
,這,_,O
,個,_,O
,是,_,O
,要,_,O
,。,_,O
Sentence: 376,醫師,_,O
,：,_,O
,喔,_,O
,。,_,O
Sentence: 377,家屬,_,O
,：,_,O
,阿,_,O
,問,_,O
,我們,_,O
,有沒有,_,O
,用,_,O
,google,_,O
,可以,_,O
,查到,_,O
,，,_,O
,喔喔,_,O
,，,_,O
,對,_,O
,對,_,O
,對,_,O
,。,_,O
Sentence: 378,護理師,_,O
,：,_,O
,阿那,_,O
,個,_,O
,，,_,O
,那,_,O
,個,_,O
,沒,_,O
,健保,_,O
,，,_,O
,所以,_,O
,她,_,O
,這邊,_,O
,找,_,O
,不,_,O
,到,_,O
,。,_,O
Sentence: 379,醫師,_,O
,：,_,O
,阿不,_,O
,要緊,_,O
,，,_,O
,這樣,_,O
,那,_,O
,我,_,O
,就,_,O
,…,_,O
,…,_,O
,我,_,O
,就,_,O
,，,_,O
,我,_,O
,還是,_,O
,，,_,O
,我,_,O
,就,_,O
,出,_,O
,…,_,O
,…,_,O
,民眾,_,O
,：,_,O
,喔,_,O
,。,_,O
Sentence: 380,醫師,_,O
,：,_,O
,病歷,_,O
,，,_,O
,那,_,O
,個,_,O
,…,_,O
,…,_,O
,家屬,_,O
,：,_,O
,好,_,O
,。,_,O
Sentence: 381,家屬,_,O
,：,_,O
,他,_,O
,那,_,O
,在,_,O
,羅斯福路,_,B-loc
,。,_,O
Sentence: 382,民眾,_,O
,：,_,O
,google,_,O
,也,_,O
,沒有,_,O
,喔,_,O
,？,_,O
,護理師,_,O
,：,_,O
,他,_,O
,沒有,_,O
,醫療院所,_,O
,。,_,O
Sentence: 383,家屬,_,O
,：,_,O
,他,_,O
,有,_,O
,。,_,O
Sentence: 384,醫師,_,O
,：,_,O
,學院,_,B-loc
,這樣子,_,O
,？,_,O
,家屬,_,O
,：,_,O
,恩,_,O
,。,_,O
Sentence: 385,醫師,_,O
,：,_,O
,沒關係,_,O
,啦,_,O
,，,_,O
,我,_,O
,就,_,O
,寫,_,O
,，,_,O
,寫,_,O
,個,_,O
,，,_,O
,你,_,O
,就,_,O
,印出來,_,O
,這樣子,_,O
,。,_,O
Sentence: 386,家屬,_,O
,：,_,O
,喔,_,O
,好,_,O
,阿好,_,O
,阿。,_,O
,醫師,_,O
,：,_,O
,這,_,O
,個,_,O
,小,_,O
,問題,_,O
,啦,_,O
,，,_,O
,只是,_,O
,…,_,O
,…,_,O
,民眾,_,O
,：,_,O
,呵呵,_,O
,呵呵,_,O
,～,_,O
,醫師,_,O
,：,_,O
,阿,_,O
,另外,_,O
,齁,_,O
,，,_,O
,她,_,O
,…,_,O
,…,_,O
,她,_,O
,那,_,O
,個,_,O
,細菌,_,O
,，,_,O
,結核菌,_,O
,我,_,O
,要,_,O
,齁,_,O
,…,_,O
,…,_,O
,家屬,_,O
,：,_,O
,恩,_,O
,。,_,O
Sentence: 387,醫師,_,O
,：,_,O
,等,_,O
,她,_,O
,燒退,_,O
,，,_,O
,我,_,O
,是,_,O
,想,_,O
,說,_,O
,等,_,O
,她,_,O
,整,_,O
,個,_,O
,燒退,_,O
,，,_,O
,然後,_,O
,穩定,_,O
,後,_,O
,再,_,O
,開始,_,O
,吃,_,O
,。,_,O
Sentence: 388,家屬,_,O
,：,_,O
,好好,_,O
,。,_,O
Sentence: 389,醫師,_,O
,：,_,O
,她,_,O
,這,_,O
,個,_,O
,一定,_,O
,要,_,O
,吃,_,O
,，,_,O
,因為,_,O
,她,_,O
,這,_,O
,個,_,O
,確定,_,O
,是,_,O
,結核菌,_,O
,沒有,_,O
,錯,_,O
,。,_,O
Sentence: 390,家屬,_,O
,：,_,O
,恩哼,_,O
,。,_,O
Sentence: 391,醫師,_,O
,：,_,O
,阿開刀,_,O
,開下來,_,O
,細菌,_,O
,也,_,O
,都,_,O
,有,_,O
,長,_,O
,。,_,O
Sentence: 392,家屬,_,O
,：,_,O
,恩恩恩,_,O
,。,_,O
Sentence: 393,醫師,_,O
,：,_,O
,阿她,_,O
,的,_,O
,…,_,O
,…,_,O
,家屬,_,O
,：,_,O
,他,_,O
,最近,_,O
,沒,_,O
,吃,_,O
,藥胃口,_,O
,就,_,O
,比較,_,O
,好了,_,O
,。,_,O
Sentence: 394,醫師,_,O
,：,_,O
,結核菌,_,O
,辛苦,_,O
,就是,_,O
,這樣,_,O
,。,_,O
Sentence: 395,家屬,_,O
,：,_,O
,對,_,O
,阿。,_,O
,醫師,_,O
,：,_,O
,阿這,_,O
,一百,_,O
,年,_,O
,前,_,O
,就是,_,O
,絕,_,O
,症餒,_,O
,，,_,O
,沒,_,O
,…,_,O
,…,_,O
,沒,_,O
,藥,_,O
,…,_,O
,…,_,O
,民眾,_,O
,：,_,O
,喔,_,O
,沒,_,O
,藥,_,O
,。,_,O
Sentence: 396,醫師,_,O
,：,_,O
,沒,_,O
,藥,_,O
,對,_,O
,阿。,_,O
,家屬,_,O
,：,_,O
,對,_,O
,阿恩恩,_,O
,。,_,O
Sentence: 397,家屬,_,O
,：,_,O
,阿她,_,O
,現在,_,O
,老,_,O
,了,_,O
,，,_,O
,又,_,O
,又,_,O
,…,_,O
,…,_,O
,醫師,_,O
,：,_,O
,通常,_,O
,都,_,O
,是,_,O
,這樣,_,O
,。,_,O
Sentence: 398,家屬,_,O
,：,_,O
,有,_,O
,被,_,O
,人家,_,O
,拖,_,O
,，,_,O
,被,_,O
,我們,_,O
,當時,_,O
,拖到,_,O
,，,_,O
,那,_,O
,時候,_,O
,都,_,O
,以為,_,O
,她,_,O
,是,_,O
,胃腸,_,O
,有,_,O
,問題,_,O
,。,_,O
Sentence: 399,醫師,_,O
,：,_,O
,不過,_,O
,她,_,O
,是,_,O
,那,_,O
,時候,_,O
,有,_,O
,叫,_,O
,她,_,O
,切片,_,O
,，,_,O
,有,_,O
,叫,_,O
,她,_,O
,，,_,O
,叫,_,O
,她,_,O
,。,_,O
Sentence: 400,家屬,_,O
,：,_,O
,她,_,O
,不,_,O
,要,_,O
,。,_,O
Sentence: 401,醫師,_,O
,：,_,O
,不要,_,O
,嘛,_,O
,對,_,O
,阿。,_,O
,家屬,_,O
,：,_,O
,是是,_,O
,。,_,O
Sentence: 402,醫師,_,O
,：,_,O
,阿這,_,O
,個,_,O
,藥,_,O
,我們,_,O
,要,_,O
,稍微,_,O
,配,_,O
,一下,_,O
,…,_,O
,…,_,O
,搞不好,_,O
,要,_,O
,申請,_,O
,藥物,_,O
,，,_,O
,因為,_,O
,…,_,O
,…,_,O
,因為,_,O
,她,_,O
,有,_,O
,抗藥性,_,O
,啦,_,O
,，,_,O
,有,_,O
,一,_,O
,個,_,O
,藥齁,_,O
,，,_,O
,效果,_,O
,不,_,O
,好,_,O
,。,_,O
Sentence: 403,家屬,_,O
,：,_,O
,恩哼哼,_,O
,。,_,O
Sentence: 404,醫師,_,O
,：,_,O
,我,_,O
,會,_,O
,幫,_,O
,她,_,O
,調,_,O
,一下,_,O
,。,_,O
Sentence: 405,我們,_,O
,會,_,O
,開,_,O
,六,_,O
,天,_,O
,份,_,O
,，,_,O
,就,_,O
,是,_,O
,六,_,O
,支,_,O
,的,_,O
,藥,_,O
,這樣子,_,O
,，,_,O
,阿六,_,O
,包,_,O
,的,_,O
,生理,_,O
,食鹽水,_,O
,這樣子,_,O
,。,_,O
Sentence: 406,家屬,_,O
,：,_,O
,恩,_,O
,。,_,O
Sentence: 407,醫師,_,O
,：,_,O
,好齁,_,O
,，,_,O
,好,_,O
,，,_,O
,阿假如,_,O
,，,_,O
,差不多,_,O
,第,_,O
,，,_,O
,第一,_,O
,個,_,O
,小時,_,O
,…,_,O
,…,_,O
,就,_,O
,做,_,O
,半,_,O
,個,_,O
,小時,_,O
,到,_,O
,三十,_,O
,，,_,O
,一,_,O
,…,_,O
,…,_,O
,一,_,O
,個,_,O
,小時,_,O
,啦,_,O
,。,_,O
Sentence: 408,家屬,_,O
,：,_,O
,恩,_,O
,。,_,O
Sentence: 409,醫師,_,O
,：,_,O
,阿然,_,O
,後,_,O
,，,_,O
,其實,_,O
,這,_,O
,，,_,O
,她,_,O
,用,_,O
,頭皮,_,O
,針,_,O
,她,_,O
,個,_,O
,小,_,O
,的,_,O
,有時候,_,O
,打完,_,O
,…,_,O
,…,_,O
,民眾,_,O
,：,_,O
,不,_,O
,安全,_,O
,。,_,O
Sentence: 410,醫師,_,O
,：,_,O
,阿怕,_,O
,埋針,_,O
,是,_,O
,不,_,O
,是,_,O
,？,_,O
,民眾,_,O
,：,_,O
,對,_,O
,我,_,O
,想,_,O
,叫,_,O
,他,_,O
,埋,_,O
,，,_,O
,因,_,O
,…,_,O
,…,_,O
,因為,_,O
,他,_,O
,禮拜一,_,B-tim
,禮拜二,_,I-tim
,沒,_,O
,開,_,O
,。,_,O
Sentence: 411,醫師,_,O
,：,_,O
,喔,_,O
,，,_,O
,阿,_,O
,你們,_,O
,要,_,O
,自己,_,O
,加,_,O
,，,_,O
,你們,_,O
,會,_,O
,自己,_,O
,加,_,O
,，,_,O
,你們,_,O
,有,_,O
,人,_,O
,念,_,O
,護理,_,O
,？,_,O
,家屬,_,O
,：,_,O
,他,_,O
,會,_,O
,教,_,O
,。,_,O
Sentence: 412,醫師,_,O
,：,_,O
,喔,_,O
,好,_,O
,。,_,O
Sentence: 413,家屬,_,O
,：,_,O
,因為,_,O
,她,_,O
,平常,_,O
,都,_,O
,來,_,O
,打,_,O
,營養針,_,O
,。,_,O
Sentence: 414,醫師,_,O
,：,_,O
,喔,_,O
,，,_,O
,是,_,O
,是,_,O
,，,_,O
,好,_,O
,，,_,O
,那,_,O
,就,_,O
,請,_,O
,，,_,O
,請,_,O
,呵呵,_,O
,～,_,O
,阿,_,O
,你們,_,O
,住,_,O
,哪裡,_,O
,？,_,O
,家屬,_,O
,：,_,O
,你,_,O
,說,_,O
,那,_,O
,個,_,O
,什麼,_,O
,？,_,O
,醫師,_,O
,：,_,O
,大安區,_,B-loc
,那邊,_,O
,？,_,O
,家屬,_,O
,：,_,O
,我們,_,O
,那邊,_,O
,泰山區,_,B-loc
,喔,_,O
,。,_,O
Sentence: 415,醫師,_,O
,：,_,O
,泰山區,_,B-loc
,。,_,O
Sentence: 416,家屬,_,O
,：,_,O
,羅斯福路,_,B-loc
,那邊,_,O
,是,_,O
,什麼,_,O
,區呵,_,O
,呵呵,_,O
,～,_,O
,護理師,_,O
,：,_,O
,泰山區,_,B-loc
,，,_,O
,阿你都,_,O
,。,_,O
Sentence: 417,醫師,_,O
,：,_,O
,好,_,O
,沒關係,_,O
,，,_,O
,那,_,O
,我,_,O
,就,_,O
,，,_,O
,我,_,O
,就,_,O
,寫,_,O
,單子,_,O
,這樣,_,O
,就,_,O
,好,_,O
,。,_,O
Sentence: 418,家屬,_,O
,：,_,O
,好,_,O
,阿,_,O
,。,_,O
Sentence: 419,醫師,_,O
,：,_,O
,你,_,O
,就,_,O
,印,_,O
,這樣子,_,O
,。,_,O
Sentence: 420,護理師,_,O
,：,_,O
,好,_,O
,印好,_,O
,。,_,O
Sentence: 421,醫師,_,O
,：,_,O
,好,_,O
,，,_,O
,好,_,O
,，,_,O
,那,_,O
,我們,_,O
,9月,_,B-tim
,24號,_,I-tim
,回診,_,O
,。,_,O
Sentence: 422,醫師,_,O
,：,_,O
,我,_,O
,有,_,O
,跟,_,O
,個,_,O
,管師,_,O
,報備,_,O
,。,_,O
Sentence: 423,家屬,_,O
,：,_,O
,喔,_,O
,，,_,O
,想說,_,O
,怎麼,_,O
,這麼,_,O
,久,_,O
,喔,_,O
,。,_,O
Sentence: 424,醫師,_,O
,：,_,O
,是,_,O
,，,_,O
,對,_,O
,阿,_,O
,，,_,O
,跟,_,O
,他,_,O
,講,_,O
,是,_,O
,什麼,_,O
,事情,_,O
,這樣,_,O
,啊,_,O
,。,_,O
Sentence: 425,家屬,_,O
,：,_,O
,喔喔,_,O
,，,_,O
,阿這樣,_,O
,沒有,_,O
,關係,_,O
,嘛,_,O
,，,_,O
,她,_,O
,離,_,O
,，,_,O
,這樣,_,O
,久,_,O
,沒關係,_,O
,？,_,O
,醫師,_,O
,：,_,O
,沒有,_,O
,啦,_,O
,，,_,O
,才,_,O
,幾,_,O
,…,_,O
,…,_,O
,幾,_,O
,個,_,O
,禮拜,_,O
,，,_,O
,一,_,O
,兩,_,O
,個,_,O
,，,_,O
,對,_,O
,，,_,O
,還可以,_,O
,。,_,O
Sentence: 426,家屬,_,O
,：,_,O
,好,_,O
,，,_,O
,好好,_,O
,。,_,O
Sentence: 427,醫師,_,O
,：,_,O
,重,_,O
,…,_,O
,…,_,O
,重點,_,O
,是,_,O
,要,_,O
,整,_,O
,個,_,O
,穩定,_,O
,，,_,O
,要不然,_,O
,你,_,O
,吃,_,O
,藥,_,O
,如果,_,O
,不,_,O
,舒服,_,O
,喔,_,O
,。,_,O
Sentence: 428,家屬,_,O
,：,_,O
,恩,_,O
,。,_,O
Sentence: 429,醫師,_,O
,：,_,O
,到底,_,O
,是,_,O
,藥物,_,O
,副作用,_,O
,還是,_,O
,什麼,_,O
,，,_,O
,我們,_,O
,有時候,_,O
,不,_,O
,好,_,O
,分,_,O
,這樣子,_,O
,。,_,O
Sentence: 430,家屬,_,O
,：,_,O
,對,_,O
,對,_,O
,，,_,O
,好,_,O
,。,_,O
Sentence: 431,醫師,_,O
,：,_,O
,好,_,O
,，,_,O
,ok,_,O
,。,_,O
Sentence: 432,家屬,_,O
,：,_,O
,謝謝,_,O
,。,_,O
Sentence: 433,醫師,_,O
,：,_,O
,好,_,O
,。,_,O
Sentence: 434,民眾,_,O
,：,_,O
,也,_,O
,有點,_,O
,不,_,O
,舒服,_,O
,，,_,O
,可是,_,O
,就,_,O
,是,_,O
,腰,_,O
,這邊,_,O
,有,_,O
,也,_,O
,一點點,_,O
,痛,_,O
,，,_,O
,我,_,O
,脫起來,_,O
,我,_,O
,想,_,O
,…,_,O
,…,_,O
,。,_,O
Sentence: 435,醫師,_,O
,：,_,O
,來,_,O
,我,_,O
,看,_,O
,一下,_,O
,。,_,O
Sentence: 436,民眾,_,O
,：,_,O
,看,_,O
,這樣,_,O
,有沒有,_,O
,…,_,O
,…,_,O
,。,_,O
Sentence: 437,醫師,_,O
,：,_,O
,阿,_,O
,你,_,O
,今天,_,O
,自己,_,O
,來,_,O
,嗎,_,O
,？,_,O
,民眾,_,O
,：,_,O
,對,_,O
,，,_,O
,我,_,O
,哥哥,_,B-fam
,帶,_,O
,我,_,O
,來,_,O
,的,_,O
,他,_,O
,就,_,O
,回去,_,O
,了,_,O
,，,_,O
,我,_,O
,等一下,_,O
,我,_,O
,自己,_,O
,坐車,_,O
,回去,_,O
,，,_,O
,這樣,_,O
,是,_,O
,正常,_,O
,的,_,O
,嗎,_,O
,？,_,O
,膨膨,_,O
,的,_,O
,。,_,O
Sentence: 438,醫師,_,O
,：,_,O
,這,_,O
,正常,_,O
,喔,_,O
,。,_,O
Sentence: 439,民眾,_,O
,：,_,O
,正常,_,O
,喔,_,O
,？,_,O
,醫師,_,O
,：,_,O
,你人,_,O
,瘦下去,_,O
,後,_,O
,，,_,O
,這邊,_,O
,沒有,_,O
,肉,_,O
,。,_,O
Sentence: 440,民眾,_,O
,：,_,O
,喔,_,O
,～,_,O
,這樣,_,O
,。,_,O
Sentence: 441,醫師,_,O
,：,_,O
,這裡,_,O
,是,_,O
,骨頭,_,O
,，,_,O
,那,_,O
,這樣,_,O
,會,_,O
,痛,_,O
,嗎,_,O
,？,_,O
,民眾,_,O
,：,_,O
,這樣,_,O
,不會,_,O
,。,_,O
Sentence: 442,醫師,_,O
,：,_,O
,這樣,_,O
,不會,_,O
,齁,_,O
,？,_,O
,民眾,_,O
,：,_,O
,只有,_,O
,在,_,O
,翻身,_,O
,的,_,O
,時候,_,O
,還,_,O
,會,_,O
,有,_,O
,一點點,_,O
,痛,_,O
,。,_,O
Sentence: 443,那,_,O
,現在,_,O
,問題,_,O
,就,_,O
,是,_,O
,醫生,_,O
,我,_,O
,不能,_,O
,站,_,O
,太,_,O
,久,_,O
,。,_,O
Sentence: 444,醫師,_,O
,：,_,O
,會,_,O
,麻,_,O
,嗎,_,O
,？,_,O
,民眾,_,O
,：,_,O
,我,_,O
,會,_,O
,痛,_,O
,、,_,O
,會,_,O
,發抖,_,O
,。,_,O
Sentence: 445,醫師,_,O
,：,_,O
,我,_,O
,看,_,O
,一下,_,O
,，,_,O
,你,_,O
,的,_,O
,肌肉,_,O
,萎縮掉,_,O
,了,_,O
,。,_,O
Sentence: 446,民眾,_,O
,：,_,O
,對,_,O
,阿。,_,O
,醫師,_,O
,：,_,O
,我,_,O
,看,_,O
,一下,_,O
,。,_,O
Sentence: 447,民眾,_,O
,：,_,O
,需要,_,O
,脫,_,O
,衣服,_,O
,起來,_,O
,嗎,_,O
,？,_,O
,醫師,_,O
,：,_,O
,方便,_,O
,脫,_,O
,一下,_,O
,這樣子,_,O
,。,_,O
Sentence: 448,民眾,_,O
,：,_,O
,右邊,_,O
,大腿,_,O
,後側,_,O
,這裡,_,O
,都,_,O
,會,_,O
,痛,_,O
,，,_,O
,如果,_,O
,站,_,O
,太,_,O
,久,_,O
,會,_,O
,開始,_,O
,發抖,_,O
,，,_,O
,從,_,O
,腰,_,O
,到,_,O
,這,_,O
,隻,_,O
,手,_,O
,都,_,O
,會,_,O
,開始,_,O
,發抖,_,O
,，,_,O
,不,_,O
,知道,_,O
,是,_,O
,發生,_,O
,了,_,O
,甚麼,_,O
,事,_,O
,？,_,O
,醫師,_,O
,：,_,O
,我,_,O
,開,_,O
,影像,_,O
,給,_,O
,你,_,O
,看,_,O
,你,_,O
,就,_,O
,知道,_,O
,，,_,O
,你,_,O
,那,_,O
,時候,_,O
,細菌,_,O
,感染,_,O
,影響到,_,O
,很多,_,O
,地方,_,O
,，,_,O
,看,_,O
,一下,_,O
,右邊,_,O
,大腿,_,O
,後側,_,O
,，,_,O
,這些,_,O
,都,_,O
,被,_,O
,細菌,_,O
,吃掉,_,O
,了,_,O
,，,_,O
,這些,_,O
,細菌,_,O
,感染,_,O
,的,_,O
,髖骨,_,O
,這邊,_,O
,都,_,O
,黑掉,_,O
,了,_,O
,，,_,O
,核子,_,O
,醫學,_,O
,的,_,O
,檢查,_,O
,右邊,_,O
,大腿,_,O
,後側,_,O
,還,_,O
,有,_,O
,左,_,O
,肩,_,O
,這,_,O
,個,_,O
,地方,_,O
,也,_,O
,比較,_,O
,黑,_,O
,，,_,O
,左,_,O
,肩,_,O
,看起來,_,O
,都,_,O
,黑黑,_,O
,的,_,O
,地方,_,O
,，,_,O
,所以,_,O
,他,_,O
,那,_,O
,個,_,O
,時候,_,O
,電腦,_,O
,斷層,_,O
,你,_,O
,的,_,O
,肉,_,O
,那邊,_,O
,發炎,_,O
,的,_,O
,地方,_,O
,，,_,O
,你,_,O
,有,_,O
,看到,_,O
,左,_,O
,肩,_,O
,這邊,_,O
,不,_,O
,對稱,_,O
,嗎,_,O
,？,_,O
,要不然,_,O
,應該,_,O
,是,_,O
,左右,_,O
,對稱,_,O
,阿。,_,O
,民眾,_,O
,：,_,O
,對,_,O
,。,_,O
Sentence: 449,醫師,_,O
,：,_,O
,這裡,_,O
,就是,_,O
,腫起來,_,O
,化膿,_,O
,在,_,O
,裡面,_,O
,。,_,O
Sentence: 450,民眾,_,O
,：,_,O
,就是,_,O
,開刀,_,O
,開,_,O
,在,_,O
,右邊,_,O
,大腿,_,O
,後側,_,O
,吧,_,O
,？,_,O
,醫師,_,O
,：,_,O
,對,_,O
,，,_,O
,你,_,O
,那,_,O
,個,_,O
,傷口,_,O
,很,_,O
,深,_,O
,，,_,O
,那,_,O
,止痛藥,_,O
,這樣,_,O
,可以,_,O
,嗎,_,O
,？,_,O
,民眾,_,O
,：,_,O
,可以,_,O
,。,_,O
Sentence: 451,醫師,_,O
,：,_,O
,可以,_,O
,啦齁,_,O
,，,_,O
,那,_,O
,個,_,O
,要,_,O
,這樣,_,O
,藥,_,O
,這樣,_,O
,吃,_,O
,是,_,O
,還可以,_,O
,？,_,O
,民眾,_,O
,：,_,O
,可以,_,O
,的,_,O
,。,_,O
Sentence: 452,醫師,_,O
,：,_,O
,那,_,O
,是,_,O
,很,_,O
,好,_,O
,的,_,O
,藥,_,O
,，,_,O
,那,_,O
,今天,_,O
,肝,_,O
,功能,_,O
,檢查出來,_,O
,是,_,O
,正常,_,O
,的,_,O
,。,_,O
Sentence: 453,民眾,_,O
,：,_,O
,正常,_,O
,齁,_,O
,～,_,O
,對了,_,O
,醫師,_,O
,我,_,O
,現在,_,O
,有時候,_,O
,都,_,O
,會,_,O
,變,_,O
,得,_,O
,比較,_,O
,難,_,O
,入眠,_,O
,。,_,O
Sentence: 454,醫師,_,O
,：,_,O
,比較,_,O
,難,_,O
,入眠,_,O
,嗎,_,O
,？,_,O
,民眾,_,O
,：,_,O
,對,_,O
,。,_,O
Sentence: 455,醫師,_,O
,：,_,O
,是,_,O
,因為,_,O
,？,_,O
,你,_,O
,在,_,O
,住院,_,O
,的,_,O
,時候,_,O
,很,_,O
,好,_,O
,入眠,_,O
,阿～,_,O
,民眾,_,O
,：,_,O
,對,_,O
,阿,_,O
,，,_,O
,但是,_,O
,我,_,O
,有時候,_,O
,看,_,O
,電視,_,O
,看到,_,O
,兩,_,B-tim
,點,_,I-tim
,想,_,O
,說,_,O
,藥,_,O
,吃,_,O
,了,_,O
,，,_,O
,睡,_,O
,前,_,O
,的,_,O
,藥,_,O
,吃,_,O
,了,_,O
,也,_,O
,是,_,O
,睡,_,O
,不,_,O
,著,_,O
,。,_,O
Sentence: 456,醫師,_,O
,：,_,O
,還是,_,O
,我,_,O
,安眠藥,_,O
,幫,_,O
,你,_,O
,開強,_,O
,一點,_,O
,？,_,O
,民眾,_,O
,：,_,O
,好,_,O
,啊,_,O
,。,_,O
Sentence: 457,醫師,_,O
,：,_,O
,那,_,O
,我,_,O
,幫,_,O
,你,_,O
,換起來,_,O
,。,_,O
Sentence: 458,民眾,_,O
,：ＯＫＯＫ,_,O
,。,_,O
Sentence: 459,醫師,_,O
,：,_,O
,你,_,O
,以前,_,O
,有,_,O
,喝,_,O
,酒,_,O
,嗎,_,O
,？,_,O
,民眾,_,O
,：,_,O
,沒有,_,O
,。,_,O
Sentence: 460,醫師,_,O
,：,_,O
,沒有,_,O
,齁,_,O
,～,_,O
,民眾,_,O
,：,_,O
,我,_,O
,以前,_,O
,有時候,_,O
,抽菸,_,O
,、,_,O
,吃,_,O
,檳榔,_,O
,而已,_,O
,。,_,O
Sentence: 461,醫師,_,O
,：,_,O
,那,_,O
,現在,_,O
,沒有,_,O
,吃,_,O
,了,_,O
,吧,_,O
,？,_,O
,民眾,_,O
,：,_,O
,沒有,_,O
,了,_,O
,。,_,O
Sentence: 462,醫師,_,O
,：,_,O
,菸,_,O
,不能,_,O
,再,_,O
,抽,_,O
,了,_,O
,喔,_,O
,～,_,O
,民眾,_,O
,：,_,O
,好,_,O
,。,_,O
Sentence: 463,醫師,_,O
,：,_,O
,那,_,O
,原則上,_,O
,我們,_,O
,三,_,B-tim
,個,_,I-tim
,禮拜,_,I-tim
,回診,_,O
,一,_,O
,次,_,O
,。,_,O
Sentence: 464,民眾,_,O
,：,_,O
,好,_,O
,。,_,O
Sentence: 465,醫師,_,O
,：,_,O
,那,_,O
,你,_,O
,肚子,_,O
,脹氣,_,O
,的,_,O
,情況,_,O
,有沒有,_,O
,好,_,O
,一點,_,O
,？,_,O
,民眾,_,O
,：,_,O
,有,_,O
,，,_,O
,那,_,O
,個,_,O
,不用,_,O
,再,_,O
,開,_,O
,了,_,O
,。,_,O
Sentence: 466,醫師,_,O
,：,_,O
,那,_,O
,就,_,O
,可以,_,O
,少掉,_,O
,好幾,_,O
,顆,_,O
,藥,_,O
,了,_,O
,。,_,O
Sentence: 467,民眾,_,O
,：,_,O
,因為,_,O
,我,_,O
,現在,_,O
,在,_,O
,吃,_,O
,東西,_,O
,都,_,O
,很,_,O
,正常,_,O
,。,_,O
Sentence: 468,醫師,_,O
,：,_,O
,很,_,O
,正常,_,O
,齁,_,O
,～,_,O
,那,_,O
,鋅,_,O
,離子,_,O
,補充,_,O
,的,_,O
,，,_,O
,你,_,O
,應該,_,O
,正常,_,O
,了,_,O
,吧,_,O
,？,_,O
,民眾,_,O
,：,_,O
,對,_,O
,。,_,O
Sentence: 469,那,_,O
,補充劑,_,O
,就,_,O
,不用,_,O
,了,_,O
,。,_,O
Sentence: 470,民眾,_,O
,：,_,O
,好,_,O
,的,_,O
,。,_,O
Sentence: 471,醫師,_,O
,：,_,O
,這,_,O
,個,_,O
,也,_,O
,要,_,O
,自費,_,O
,我,_,O
,覺得,_,O
,不用,_,O
,了,_,O
,，,_,O
,那,_,O
,還,_,O
,有,_,O
,一,_,O
,顆,_,O
,神經痛,_,O
,的,_,O
,藥物,_,O
,。,_,O
Sentence: 472,民眾,_,O
,：,_,O
,神經痛,_,O
,的,_,O
,是,_,O
,？,_,O
,醫師,_,O
,：,_,O
,紅色,_,O
,的,_,O
,，,_,O
,紅色,_,O
,、,_,O
,白色,_,O
,。,_,O
Sentence: 473,民眾,_,O
,：,_,O
,類似,_,O
,愛心,_,O
,的,_,O
,那,_,O
,顆,_,O
,藥物,_,O
,嗎,_,O
,？,_,O
,醫師,_,O
,：,_,O
,那,_,O
,顆,_,O
,沒,_,O
,吃,_,O
,。,_,O
Sentence: 474,民眾,_,O
,：,_,O
,喔,_,O
,～,_,O
,這,_,O
,顆,_,O
,。,_,O
Sentence: 475,醫師,_,O
,：,_,O
,這,_,O
,顆,_,O
,藥,_,O
,是,_,O
,在,_,O
,吃,_,O
,神經痛,_,O
,的,_,O
,，,_,O
,你,_,O
,會,_,O
,覺得,_,O
,麻,_,O
,嗎,_,O
,？,_,O
,民眾,_,O
,：,_,O
,不會,_,O
,。,_,O
Sentence: 476,醫師,_,O
,：,_,O
,那,_,O
,我們,_,O
,也,_,O
,把,_,O
,它,_,O
,停掉,_,O
,好,_,O
,不,_,O
,好,_,O
,？,_,O
,民眾,_,O
,：,_,O
,好,_,O
,，,_,O
,先,_,O
,停,_,O
,看看,_,O
,，,_,O
,如果,_,O
,有,_,O
,問題,_,O
,再,_,O
,跟,_,O
,你,_,O
,講,_,O
,。,_,O
Sentence: 477,醫師,_,O
,：,_,O
,好,_,O
,，,_,O
,其他,_,O
,止痛藥,_,O
,我,_,O
,都,_,O
,留,_,O
,著,_,O
,。,_,O
Sentence: 478,民眾,_,O
,：,_,O
,好,_,O
,。,_,O
Sentence: 479,醫師,_,O
,：,_,O
,留,_,O
,抗生素,_,O
,跟,_,O
,止痛藥,_,O
,這樣子,_,O
,。,_,O
Sentence: 480,民眾,_,O
,：,_,O
,好,_,O
,。,_,O
Sentence: 481,醫師,_,O
,：,_,O
,那,_,O
,我們,_,O
,原則上,_,O
,也,_,O
,是,_,O
,三,_,B-tim
,個,_,I-tim
,禮拜,_,I-tim
,後,_,O
,回診,_,O
,，,_,O
,6月,_,B-tim
,4號,_,I-tim
,。,_,O
Sentence: 482,民眾,_,O
,：,_,O
,好,_,O
,。,_,O
Sentence: 483,醫師,_,O
,：,_,O
,也,_,O
,是,_,O
,像,_,O
,今天,_,O
,這樣子,_,O
,回來,_,O
,就,_,O
,先,_,O
,抽血,_,O
,好不好,_,O
,？,_,O
,民眾,_,O
,：ＯＫＯＫ,_,O
,，,_,O
,我,_,O
,再,_,O
,問,_,O
,一下,_,O
,像,_,O
,這,_,O
,個,_,O
,站,_,O
,久腳,_,O
,會,_,O
,發抖,_,O
,要,_,O
,如何,_,O
,解決,_,O
,。,_,O
Sentence: 484,醫師,_,O
,：,_,O
,這,_,O
,個,_,O
,要,_,O
,看,_,O
,復健科,_,O
,，,_,O
,慢慢,_,O
,之後,_,O
,就,_,O
,會,_,O
,改善,_,O
,。,_,O
Sentence: 485,民眾,_,O
,：,_,O
,嘿,_,O
,～,_,O
,醫師,_,O
,：,_,O
,你,_,O
,就,_,O
,練,_,O
,站,_,O
,然後,_,O
,站,_,O
,久,_,O
,一點,_,O
,的,_,O
,時間,_,O
,，,_,O
,你,_,O
,要,_,O
,訓練,_,O
,一下,_,O
,肌肉,_,O
,的,_,O
,力量,_,O
,。,_,O
Sentence: 486,民眾,_,O
,：,_,O
,好,_,O
,如果,_,O
,你,_,O
,像,_,O
,這樣,_,O
,，,_,O
,因為,_,O
,我,_,O
,是,_,O
,左撇子,_,O
,嘛,_,O
,，,_,O
,然後,_,O
,拿,_,O
,筷子,_,O
,有時候,_,O
,就,_,O
,會,_,O
,發抖,_,O
,。,_,O
Sentence: 487,醫師,_,O
,：,_,O
,還是,_,O
,我們,_,O
,來,_,O
,安排,_,O
,復健,_,O
,一下,_,O
,？,_,O
,民眾,_,O
,：,_,O
,復健,_,O
,要,_,O
,？,_,O
,醫師,_,O
,：,_,O
,你,_,O
,要,_,O
,就近,_,O
,就,_,O
,好,_,O
,還是,_,O
,？,_,O
,你,_,O
,住在,_,O
,哪裡,_,O
,附近,_,O
,？,_,O
,民眾,_,O
,：,_,O
,我,_,O
,住在,_,O
,士林,_,B-loc
,。,_,O
Sentence: 488,醫師,_,O
,：,_,O
,士林,_,B-loc
,那邊,_,O
,附近,_,O
,有,_,O
,復健,_,O
,診所,_,O
,嗎,_,O
,？,_,O
,民眾,_,O
,：,_,O
,那裏,_,O
,有,_,O
,一,_,O
,間,_,O
,比較,_,O
,大,_,O
,間,_,O
,的,_,O
,就,_,O
,是,_,O
,小明,_,B-loc
,復健,_,I-loc
,診所,_,I-loc
,。,_,O
Sentence: 489,醫師,_,O
,：,_,O
,啊,_,O
,～,_,O
,小明,_,B-loc
,，,_,O
,但是,_,O
,那邊,_,O
,是,_,O
,洗腎,_,O
,的,_,O
,吧,_,O
,？,_,O
,民眾,_,O
,：,_,O
,我,_,O
,不,_,O
,知道,_,O
,～,_,O
,還是,_,O
,我,_,O
,回去,_,O
,問,_,O
,一下,_,O
,？,_,O
,醫師,_,O
,：,_,O
,好,_,O
,問,_,O
,一下,_,O
,。,_,O
Sentence: 490,民眾,_,O
,：,_,O
,下,_,O
,次,_,O
,來,_,O
,我,_,O
,就,_,O
,跟,_,O
,你,_,O
,講,_,O
,。,_,O
Sentence: 491,醫師,_,O
,：,_,O
,我,_,O
,就,_,O
,寫,_,O
,轉診單,_,O
,，,_,O
,我,_,O
,資料,_,O
,幫,_,O
,你,_,O
,準備好,_,O
,，,_,O
,給,_,O
,那邊,_,O
,的,_,O
,治療師,_,O
,當作,_,O
,參考,_,O
,，,_,O
,可以,_,O
,開始,_,O
,準備,_,O
,做,_,O
,復健,_,O
,了,_,O
,啦,_,O
,～,_,O
,。,_,O
Sentence: 492,民眾,_,O
,：,_,O
,好,_,O
,。,_,O
Sentence: 493,醫師,_,O
,：,_,O
,這,_,O
,次,_,O
,的,_,O
,發炎,_,O
,指數,_,O
,是,_,O
,還可以,_,O
,啦,_,O
,～,_,O
,民眾,_,O
,：,_,O
,還可以,_,O
,齁,_,O
,～,_,O
,醫師,_,O
,：,_,O
,啊,_,O
,你,_,O
,開刀,_,O
,的,_,O
,地方,_,O
,還,_,O
,會,_,O
,痠痛,_,O
,嗎,_,O
,？,_,O
,民眾,_,O
,：,_,O
,後背,_,O
,是,_,O
,要是,_,O
,躺,_,O
,太,_,O
,久,_,O
,或是,_,O
,站起來,_,O
,的,_,O
,時候,_,O
,彎腰,_,O
,太多,_,O
,會,_,O
,麻,_,O
,。,_,O
Sentence: 494,醫師,_,O
,：,_,O
,會,_,O
,麻齁,_,O
,～,_,O
,民眾,_,O
,：,_,O
,因為,_,O
,我,_,O
,不,_,O
,敢,_,O
,彎腰,_,O
,太,_,O
,下去,_,O
,。,_,O
Sentence: 495,醫師,_,O
,：,_,O
,好,_,O
,。,_,O
Sentence: 496,那,_,O
,我們,_,O
,都,_,O
,會,_,O
,回來,_,O
,都,_,O
,會,_,O
,定期,_,O
,幫,_,O
,你,_,O
,檢查,_,O
,這些,_,O
,肝,_,O
,功能,_,O
,指數,_,O
,啊,_,O
,～,_,O
,民眾,_,O
,：OK,_,O
,。,_,O
Sentence: 497,醫師,_,O
,：,_,O
,因為,_,O
,你,_,O
,可能,_,O
,還,_,O
,需要,_,O
,吃,_,O
,兩,_,B-tim
,個,_,I-tim
,月,_,I-tim
,的,_,O
,藥物,_,O
,。,_,O
Sentence: 498,民眾,_,O
,：,_,O
,好,_,O
,。,_,O
Sentence: 499,醫師,_,O
,：,_,O
,好,_,O
,，,_,O
,那,_,O
,我們,_,O
,外面,_,O
,稍,_,O
,等一下,_,O
,。,_,O
Sentence: 500,民眾,_,O
,：,_,O
,謝謝,_,O
,。,_,O
Sentence: 501,護理師,_,O
,：,_,O
,那樣,_,O
,這邊,_,O
,就,_,O
,可以,_,O
,了,_,O
,。,_,O
Sentence: 502,醫師,_,O
,：,_,O
,那,_,O
,個,_,O
,是,_,O
,回診單,_,O
,。,_,O
